# WWE brand for each main-roster wrestler (name<TAB>raw|smackdown). Source: Wikipedia 'List of WWE personnel', checked 2026-10-04.
# Leave out anyone injured, part-time or not on a brand; they show under WWE only.
Austin Theory	raw
Big Cass	raw
Bron Breakker	raw
Bronson Reed	raw
Chad Gable	raw
Dominik Mysterio	raw
Dragon Lee	raw
El Grande Americano	raw
Ethan Page	raw
Jacob Fatu	raw
JD McDonagh	raw
Je'Von Evans	raw
Jey Uso	raw
Jimmy Uso	raw
LA Knight	raw
Logan Paul	raw
Oba Femi	raw
Penta	raw
Rey Mysterio	raw
Roman Reigns	raw
Rusev	raw
Seth Rollins	raw
Solo Sikoa	raw
Asuka	raw
Bayley	raw
Becky Lynch	raw
Iyo Sky	raw
Liv Morgan	raw
Lyra Valkyria	raw
Maxxine Dupri	raw
Raquel Rodriguez	raw
Roxanne Perez	raw
Sol Ruca	raw
Stephanie Vaquer	raw
Baron Corbin	smackdown
Carmelo Hayes	smackdown
CM Punk	smackdown
Cody Rhodes	smackdown
Damian Priest	smackdown
Drew McIntyre	smackdown
Finn Bálor	smackdown
Gunther	smackdown
Kevin Owens	smackdown
Randy Orton	smackdown
Rey Fénix	smackdown
Ricky Saints	smackdown
Sami Zayn	smackdown
Talla Tonga	smackdown
Tama Tonga	smackdown
Trick Williams	smackdown
Alexa Bliss	smackdown
Charlotte Flair	smackdown
Chelsea Green	smackdown
Fallon Henley	smackdown
Giulia	smackdown
Jacy Jayne	smackdown
Jade Cargill	smackdown
Jordynne Grace	smackdown
Kiana James	smackdown
Lainey Reid	smackdown
Lash Legend	smackdown
Nia Jax	smackdown
Paige	smackdown
Tiffany Stratton	smackdown
Nick Aldis	smackdown
