# Promotion logos: free-licensed or public-domain (text logo) files from Wikimedia Commons, padded to 240px squares in docs/logos/.
# Logos are trademarks of their promotions, shown only to identify them.
# promotion id	hosted URL	Commons file name	author	license
wwe	https://charlies3dprinting-sketch.github.io/ringsideradar-data/logos/wwe.png	WWE_official_logo.svg	WWE/John Lefteratos	Public domain
nxt	https://charlies3dprinting-sketch.github.io/ringsideradar-data/logos/nxt.png	WWE_NXT_2024_Logo.svg	World Wrestling Entertainment	Public domain
aew	https://charlies3dprinting-sketch.github.io/ringsideradar-data/logos/aew.png	All_Elite_Wrestling_logo_2024.svg	All Elite Wrestling	Public domain
roh	https://charlies3dprinting-sketch.github.io/ringsideradar-data/logos/roh.png	Ring_Of_Honor_(2022)_Logo.svg	Original: Ring of Honor Vector: DarkVoidPictures	Public domain
tna	https://charlies3dprinting-sketch.github.io/ringsideradar-data/logos/tna.png	TNA-logo-June-2024-v2.png	TNA Wrestling	Public domain
gcw	https://charlies3dprinting-sketch.github.io/ringsideradar-data/logos/gcw.png	Game_Changer_Wrestling_Logo_(black).png	Game Changer Wrestling	Public domain
jcw	https://charlies3dprinting-sketch.github.io/ringsideradar-data/logos/jcw.png	Juggalo_Championship_Wrestling_logo.png	Juggalo Championship Wrestling	Public domain
ovw	https://charlies3dprinting-sketch.github.io/ringsideradar-data/logos/ovw.png	OV_Wrestling.png	Ohio Valley Wrestling	Public domain
hog	https://charlies3dprinting-sketch.github.io/ringsideradar-data/logos/hog.png	House_of_Glory_wrestling_logo.png	House of Glory Wrestling	Public domain
coastalcw	https://charlies3dprinting-sketch.github.io/ringsideradar-data/logos/coastalcw.png	CCW_Logo_(2018_-_today).png	TheEricChild	CC0
mcw	https://charlies3dprinting-sketch.github.io/ringsideradar-data/logos/mcw.png	MCW_Pro_Wrestling_logo.png	MCW Pro Wrestling	Public domain
innovate-wrestling	https://charlies3dprinting-sketch.github.io/ringsideradar-data/logos/innovate-wrestling.png	Innovate_Pro_Wrestling_logo.png	Innovate Pro Wrestling	Public domain
defy	https://charlies3dprinting-sketch.github.io/ringsideradar-data/logos/defy.png	DEFY_Wrestling_logo.png	DEFY Wrestling	Public domain
iwc	https://charlies3dprinting-sketch.github.io/ringsideradar-data/logos/iwc.png	IWC_logo_2015x.jpg	ZanderGabriel	CC BY-SA 4.0
ewf	https://charlies3dprinting-sketch.github.io/ringsideradar-data/logos/ewf.png	EWF_2012_Logo.svg	Empire Wrestling Federation	Public domain
mystery-wrestling	https://charlies3dprinting-sketch.github.io/ringsideradar-data/logos/mystery-wrestling.png	Mystery_Wrestling_logo.jpg	Mystery Wrestling	Public domain
bcw	https://charlies3dprinting-sketch.github.io/ringsideradar-data/logos/bcw.png	Border_City_Wrestling_Logo.png	Border city Wrestling	CC BY-SA 4.0
hoodslam	https://charlies3dprinting-sketch.github.io/ringsideradar-data/logos/hoodslam.png	HOODSLAM,_circa_early_2010s.png	HOODSLAM	Public domain
aaa	https://charlies3dprinting-sketch.github.io/ringsideradar-data/logos/aaa.png	Lucha_Libre_AAA_Worldwide_logo.png	Lucha Libre AAA Worldwide	Public domain
