# Wrestler photos: free-licensed lead images from their Wikipedia articles (Wikimedia Commons), cropped to 200px squares and hosted in docs/photos/.
# name	hosted photo URL	Commons file name (credit link)	author	license
Ace Austin	https://charlies3dprinting-sketch.github.io/ringsideradar-data/photos/ace-austin.jpg	Ace_Austin_(cropped).jpg	KMcWrestling Photography	CC BY-SA 4.0
Action Andretti	https://charlies3dprinting-sketch.github.io/ringsideradar-data/photos/action-andretti.jpg	Action_Andretti_(cropped).jpg	KMcWrestling Photography	CC BY-SA 4.0
Adam Copeland	https://charlies3dprinting-sketch.github.io/ringsideradar-data/photos/adam-copeland.jpg	Adam_Copeland_by_Gage_Skidmore.jpg	Gage Skidmore	CC BY-SA 3.0
Adam Priest	https://charlies3dprinting-sketch.github.io/ringsideradar-data/photos/adam-priest.jpg	ROH_Death_Before_Dishonor_-_August_20_2026_(cropped).jpg	KMcWrestling Photography	CC BY-SA 4.0
AJ Francis	https://charlies3dprinting-sketch.github.io/ringsideradar-data/photos/aj-francis.jpg	A.J._Francis_(cropped).jpg	Keith Allison from Hanover, MD, USA	CC BY-SA 2.0
AJ Lee	https://charlies3dprinting-sketch.github.io/ringsideradar-data/photos/aj-lee.jpg	AJ_Lee_at_San_Diego_Comic_Con_2026-2.jpg	Kevin Paul	CC BY 4.0
AJ Styles	https://charlies3dprinting-sketch.github.io/ringsideradar-data/photos/aj-styles.jpg	AJ_Styles_RR24_(1)_(cropped).jpg	Diego Serrano	CC BY 2.0
Alec Price	https://charlies3dprinting-sketch.github.io/ringsideradar-data/photos/alec-price.jpg	Alec_Price_in_March_2025.jpg	✨ JOYFUL VI0LENCE ✨	CC BY-SA 4.0
Aleister Black	https://charlies3dprinting-sketch.github.io/ringsideradar-data/photos/aleister-black.jpg	Aleister_Black_2017_WWE_(cropped).jpg	Miguel Discart	CC BY-SA 2.0
Alex Windsor	https://charlies3dprinting-sketch.github.io/ringsideradar-data/photos/alex-windsor.jpg	Alex_Windsor_(cropped).jpg	KMcWrestling Photography	CC BY-SA 4.0
Alexa Bliss	https://charlies3dprinting-sketch.github.io/ringsideradar-data/photos/alexa-bliss.jpg	Alexa_Bliss_RR25_(1)_(cropped).jpg	Diego Serrano	CC BY 2.0
Allie	https://charlies3dprinting-sketch.github.io/ringsideradar-data/photos/allie.jpg	Cherry_Bomb_at_Smash_London_2015.jpg	Tabercil	CC BY-SA 3.0
Amazing Red	https://charlies3dprinting-sketch.github.io/ringsideradar-data/photos/amazing-red.jpg	Amazing_Red_SCW_2014.jpg	Tabercil	CC BY-SA 3.0
Andrade El Ídolo	https://charlies3dprinting-sketch.github.io/ringsideradar-data/photos/andrade-el-idolo.jpg	Andrade_February_2026.jpg	House of Glory Wrestling	CC BY 4.0
Andrew Everett	https://charlies3dprinting-sketch.github.io/ringsideradar-data/photos/andrew-everett.jpg	Andrew_Everett_2014.jpg	Mike Kalasnik	CC BY-SA 2.0
Anna Jay	https://charlies3dprinting-sketch.github.io/ringsideradar-data/photos/anna-jay.jpg	Anna_Jay_Photo_Op_GalaxyCon_Richmond_2023.jpg	Super Festivals from Ft. Lauderdale, USA	CC BY 2.0
AR Fox	https://charlies3dprinting-sketch.github.io/ringsideradar-data/photos/ar-fox.jpg	AR_Fox_ROH_(cropped).jpg	KMcWrestling Photography	CC BY-SA 4.0
Arianna Grace	https://charlies3dprinting-sketch.github.io/ringsideradar-data/photos/arianna-grace.jpg	Arianna_Grace_Dec_25.jpg	TNA Wrestling	CC BY 4.0
Asuka	https://charlies3dprinting-sketch.github.io/ringsideradar-data/photos/asuka.jpg	Asuka,_WrestleMania_XL.jpg	Diego Serrano	CC BY 2.0
Athena	https://charlies3dprinting-sketch.github.io/ringsideradar-data/photos/athena.jpg	Athena_-_August_29_2025_(cropped1).jpg	KMcWrestling Photography	CC BY-SA 4.0
Atticus Cogar	https://charlies3dprinting-sketch.github.io/ringsideradar-data/photos/atticus-cogar.jpg	Atticus_Cogar_GCW_(cropped).jpg	KMcWrestling Photography	CC BY-SA 4.0
Austin Aries	https://charlies3dprinting-sketch.github.io/ringsideradar-data/photos/austin-aries.jpg	Austin_Aries_2013_(cropped).jpg	Mike Kalasnik	CC BY-SA 2.0
Austin Creed	https://charlies3dprinting-sketch.github.io/ringsideradar-data/photos/austin-creed.jpg	Austin_Creed_GalaxyCon_Oklahoma_City_052026-1.jpg	John Manard	CC BY-SA 4.0
Austin Theory	https://charlies3dprinting-sketch.github.io/ringsideradar-data/photos/austin-theory.jpg	Austin_Theory_at_Alpha_1.jpg	Tabercil	CC BY-SA 3.0
Averno	https://charlies3dprinting-sketch.github.io/ringsideradar-data/photos/averno.jpg	AvernoUnmasked.jpg	Carlos Adampol Galindo from DF, México	CC BY-SA 2.0
Bandido	https://charlies3dprinting-sketch.github.io/ringsideradar-data/photos/bandido.jpg	Bandido_ROH.jpg	KMcWrestling Photography	CC BY-SA 4.0
Baron Corbin	https://charlies3dprinting-sketch.github.io/ringsideradar-data/photos/baron-corbin.jpg	Baron_Corbin_April_2018.jpg	Miguel Discart	CC BY-SA 2.0
Bayley	https://charlies3dprinting-sketch.github.io/ringsideradar-data/photos/bayley.jpg	Bayley,_WrestleMania_XL_in_2024_2.jpg	diegofernandophotography	CC BY 2.0
BDE	https://charlies3dprinting-sketch.github.io/ringsideradar-data/photos/bde.jpg	BDE_in_2026.png	TNA Wrestling	CC BY 4.0
Becky Lynch	https://charlies3dprinting-sketch.github.io/ringsideradar-data/photos/becky-lynch.jpg	Becky_Lynch_at_Vulture_Festival_2024_03_(cropped).jpg	PaulLim11	CC BY 4.0
Bianca Belair	https://charlies3dprinting-sketch.github.io/ringsideradar-data/photos/bianca-belair.jpg	Bianca_Belair_Texas_2023.jpg	US Air Force / Jason Wilkinson	Public domain
Billie Starkz	https://charlies3dprinting-sketch.github.io/ringsideradar-data/photos/billie-starkz.jpg	Hazuki_vs_Athena_ROH_(cropped).jpg	KMcWrestling Photography	CC BY-SA 4.0
Blake Christian	https://charlies3dprinting-sketch.github.io/ringsideradar-data/photos/blake-christian.jpg	Blake_Christian_in_June_2024.jpg	J O Y F U L 🐻 V I O L E N C E	CC BY 2.0
Blake Monroe	https://charlies3dprinting-sketch.github.io/ringsideradar-data/photos/blake-monroe.jpg	Mariah_May_in_April_2024_(cropped).jpg	J O Y F U L 🐻 V I O L E N C E	CC BY 2.0
Blue Panther	https://charlies3dprinting-sketch.github.io/ringsideradar-data/photos/blue-panther.jpg	El_regreso_de_Blue_Panther_enmascarado_(cropped).jpg	Satanic.boho	CC BY-SA 4.0
Brad Baylor	https://charlies3dprinting-sketch.github.io/ringsideradar-data/photos/brad-baylor.jpg	Paparazzo_Photography_Brad_Baylor.jpg	Paparazzo Presents	CC0
Brie Bella	https://charlies3dprinting-sketch.github.io/ringsideradar-data/photos/brie-bella.jpg	Brie_Bella_2016.png	Gage Skidmore	CC BY-SA 2.0
Brock Lesnar	https://charlies3dprinting-sketch.github.io/ringsideradar-data/photos/brock-lesnar.jpg	Brock_Lesnar_At_SummerSlam_2023_(cropped).jpg	Diego Serrano	CC BY 2.0
Brody King	https://charlies3dprinting-sketch.github.io/ringsideradar-data/photos/brody-king.jpg	Brody_King,_2022_(cropped).jpg	All Elite Wrestling	CC BY-SA 4.0
Bron Breakker	https://charlies3dprinting-sketch.github.io/ringsideradar-data/photos/bron-breakker.jpg	Breakker_vs_Rollins_(cropped-2).jpg	HHH Pedrigree	CC BY-SA 4.0
Bronson Reed	https://charlies3dprinting-sketch.github.io/ringsideradar-data/photos/bronson-reed.jpg	Bronson_Reed_2022.jpg	House of Glory Wrestling	CC BY 3.0
Bryan Keith	https://charlies3dprinting-sketch.github.io/ringsideradar-data/photos/bryan-keith.jpg	Big_Bill_and_Bryan_Keith_(cropped_2).jpg	KMcWrestling	CC BY-SA 4.0
Bárbaro Cavernario	https://charlies3dprinting-sketch.github.io/ringsideradar-data/photos/barbaro-cavernario.jpg	Bárbaro_Cavernario.jpg	ゾーヒョー	CC BY-SA 4.0
Carmelo Hayes	https://charlies3dprinting-sketch.github.io/ringsideradar-data/photos/carmelo-hayes.jpg	Carmelo_Hayes_RR25_(cropped).jpg	Diego Serrano	CC BY 2.0
Cedric Alexander	https://charlies3dprinting-sketch.github.io/ringsideradar-data/photos/cedric-alexander.jpg	Cedric_Alexander_2026.png	TNA Wrestling	CC BY 4.0
Chad Gable	https://charlies3dprinting-sketch.github.io/ringsideradar-data/photos/chad-gable.jpg	WWE_Live_Road_To_WrestleMania,_Toronto,_2022_90_(cropped).jpg	Noon Plastic	CC BY 4.0
Charlotte Flair	https://charlies3dprinting-sketch.github.io/ringsideradar-data/photos/charlotte-flair.jpg	Charlotte_Flair_Photo_Op_GalaxyCon_Raleigh_2019.jpg	Super Festivals	CC BY 2.0
Chelsea Green	https://charlies3dprinting-sketch.github.io/ringsideradar-data/photos/chelsea-green.jpg	Chelsea_Green_Las_Vegas_2025_(cropped).jpg	TaurusEmerald	CC BY-SA 4.0
Chris Brookes	https://charlies3dprinting-sketch.github.io/ringsideradar-data/photos/chris-brookes.jpg	クリス・ブルックス選手(2020).jpg	Cjx59940	CC BY-SA 4.0
Chris Jericho	https://charlies3dprinting-sketch.github.io/ringsideradar-data/photos/chris-jericho.jpg	Chris_Jericho_GalaxyCon_Raleigh_July,_25,_2026_681.jpg	John Manard	CC BY-SA 4.0
Christian Cage	https://charlies3dprinting-sketch.github.io/ringsideradar-data/photos/christian-cage.jpg	Christian_Cage_Photo_Op_Nightmare_Weekend_Chicago_2025.jpg	Super Festivals	CC BY 2.0
Claudio Castagnoli	https://charlies3dprinting-sketch.github.io/ringsideradar-data/photos/claudio-castagnoli.jpg	Claudio_Castagnoli,_June_2022_(cropped).jpg	Carter Sterling	CC BY-SA 2.0
CM Punk	https://charlies3dprinting-sketch.github.io/ringsideradar-data/photos/cm-punk.jpg	CM_Punk_at_San_Diego_Comic_Con_2026.jpg	Kevin Paul	CC BY 4.0
Cody Rhodes	https://charlies3dprinting-sketch.github.io/ringsideradar-data/photos/cody-rhodes.jpg	Cody_Rhodes_Fort_Bragg_Army_250_Birthday_Celebration_(headshot).jpg	Sgt. Gianna Elle Sulger	Public domain
Daga	https://charlies3dprinting-sketch.github.io/ringsideradar-data/photos/daga.jpg	Daga-AAA_(cropped).jpg	ExtraTNA	CC BY-SA 3.0
Damian Priest	https://charlies3dprinting-sketch.github.io/ringsideradar-data/photos/damian-priest.jpg	Damien_Priest_Las_Vegas_Fall_20925.jpg	TaurusEmerald	CC BY-SA 4.0
Danhausen	https://charlies3dprinting-sketch.github.io/ringsideradar-data/photos/danhausen.jpg	Danhausen_at_San_Diego_Comic_Con_2026-2.jpg	Kevin Paul	CC BY 4.0
Dani Luna	https://charlies3dprinting-sketch.github.io/ringsideradar-data/photos/dani-luna.jpg	Dani_Luna_in_April_2025_(cropped).jpg	J O Y F U L 🐻 V I O L E N C E	CC BY 2.0
Daniel Garcia	https://charlies3dprinting-sketch.github.io/ringsideradar-data/photos/daniel-garcia.jpg	Daniel_Garcia,_May_2024_03_(cropped).jpg	House of Glory Wrestling	CC BY 3.0
Darby Allin	https://charlies3dprinting-sketch.github.io/ringsideradar-data/photos/darby-allin.jpg	Darby_Allin_Photo_Op_GalaxyCon_Raleigh_2025.jpg	Super Festivals	CC BY 4.0
Deonna Purrazzo	https://charlies3dprinting-sketch.github.io/ringsideradar-data/photos/deonna-purrazzo.jpg	Deonna_Purrazzo_(cropped).jpg	KMcWrestling Photography	CC BY-SA 4.0
Doc Gallows	https://charlies3dprinting-sketch.github.io/ringsideradar-data/photos/doc-gallows.jpg	Gallows_WWE_Live,_Liège,_May_12,_2017.jpg	Miguel Discart from Bruxelles, Belgique	CC BY-SA 2.0
Dominic Garrini	https://charlies3dprinting-sketch.github.io/ringsideradar-data/photos/dominic-garrini.jpg	Dominic_Garrini_in_April_2025.jpg	J O Y F U L 🐻 V I O L E N C E	CC BY 2.0
Dominik Mysterio	https://charlies3dprinting-sketch.github.io/ringsideradar-data/photos/dominik-mysterio.jpg	Dominik_Mysterio_2024.jpg	Carter Sterling	CC BY-SA 2.0
Dragon Lee	https://charlies3dprinting-sketch.github.io/ringsideradar-data/photos/dragon-lee.jpg	Dragon_Lee,_April_2019_(cropped).jpg	grenwail	CC BY 2.0
Drake Younger	https://charlies3dprinting-sketch.github.io/ringsideradar-data/photos/drake-younger.jpg	Drake_Younger_GCW_(cropped).jpg	KMcWrestling Photography	CC BY-SA 4.0
Drew McIntyre	https://charlies3dprinting-sketch.github.io/ringsideradar-data/photos/drew-mcintyre.jpg	Drew_McIntyre,_WrestleMania_XL_(cropped).jpg	Diego Serrano	CC BY 2.0
Drilla Moloney	https://charlies3dprinting-sketch.github.io/ringsideradar-data/photos/drilla-moloney.jpg	Drilla_Moloney_20260816_(cropped).jpg	結牙	CC BY-SA 4.0
Eddie Edwards	https://charlies3dprinting-sketch.github.io/ringsideradar-data/photos/eddie-edwards.jpg	Eddie_Edwards_entrance_2019_(cropped).jpg	Brandon Oliver	CC BY 2.0
Eddie Kingston	https://charlies3dprinting-sketch.github.io/ringsideradar-data/photos/eddie-kingston.jpg	Eddie_Kingston,_Jan_2022_(cropped)_(cropped).jpg	ZekeDane	Public domain
El Desperado	https://charlies3dprinting-sketch.github.io/ringsideradar-data/photos/el-desperado.jpg	El_Desperado_2017.jpg	ゾーヒョー	CC BY-SA 4.0
El Grande Americano	https://charlies3dprinting-sketch.github.io/ringsideradar-data/photos/el-grande-americano.jpg	El_Grande_Americano_-_August_2025.jpg	Mechanical Elephant	CC BY-SA 4.0
El Hijo de Dr. Wagner Jr.	https://charlies3dprinting-sketch.github.io/ringsideradar-data/photos/el-hijo-de-dr-wagner-jr.jpg	El_Hijo_del_Dr._Wagner_Jr._2026.jpg	Ferfive	CC BY-SA 4.0
El Hijo del Vikingo	https://charlies3dprinting-sketch.github.io/ringsideradar-data/photos/el-hijo-del-vikingo.jpg	El_Hijo_del_Vikingo,_Jan_2023_(headshot).jpg	Earl Gardner	CC BY-SA 2.0
El Phantasmo	https://charlies3dprinting-sketch.github.io/ringsideradar-data/photos/el-phantasmo.jpg	El_Phantasmo_ROH_(cropped).jpg	KMcWrestling Photography	CC BY-SA 4.0
Elayna Black	https://charlies3dprinting-sketch.github.io/ringsideradar-data/photos/elayna-black.jpg	Elayna_Black_2026_(cropped).png	TNA Wrestling	CC BY 4.0
Elijah	https://charlies3dprinting-sketch.github.io/ringsideradar-data/photos/elijah.jpg	Elias_Raw_April_2018.jpg	Shared Account	CC BY-SA 2.0
Emersyn Jayne	https://charlies3dprinting-sketch.github.io/ringsideradar-data/photos/emersyn-jayne.jpg	Emersyn_Jayne.jpg	KMcWrestling Photography	CC BY-SA 4.0
Eric Young	https://charlies3dprinting-sketch.github.io/ringsideradar-data/photos/eric-young.jpg	Eric_Young_2026_(cropped).png	Total Nonstop Action Wrestling	CC BY 4.0
Esfinge	https://charlies3dprinting-sketch.github.io/ringsideradar-data/photos/esfinge.jpg	Esfinge_in_April_2025_(cropped).jpg	J O Y F U L 🐻 V I O L E N C E	CC BY 2.0
Ethan Page	https://charlies3dprinting-sketch.github.io/ringsideradar-data/photos/ethan-page.jpg	Ethan_Page_Josh_Alexander_celebrating_Impact_Tag_Team_Championship_win_(cropped).jpg	Brandon Oliver	CC BY 2.0
Evil	https://charlies3dprinting-sketch.github.io/ringsideradar-data/photos/evil.jpg	EVIL_(wrestler)_Nov_2021.jpg	ゾーヒョー	CC0
Fabian Aichner	https://charlies3dprinting-sketch.github.io/ringsideradar-data/photos/fabian-aichner.jpg	Aichner_Axxess_'18_(cropped).jpg	Shared Account	CC BY-SA 2.0
Fallon Henley	https://charlies3dprinting-sketch.github.io/ringsideradar-data/photos/fallon-henley.jpg	SHIMMER_Volume_101_-_Tesha_Price_01_(cropped).jpg	Goddess of Cats on Flickr	CC BY-SA 4.0
Finn Bálor	https://charlies3dprinting-sketch.github.io/ringsideradar-data/photos/finn-balor.jpg	Finn_Balor_2024_(cropped).jpg	Carter Sterling	CC BY-SA 2.0
Flammer	https://charlies3dprinting-sketch.github.io/ringsideradar-data/photos/flammer.jpg	Lady_Flammer_in_2026.jpg	Ferfive	CC BY-SA 4.0
Frankie Kazarian	https://charlies3dprinting-sketch.github.io/ringsideradar-data/photos/frankie-kazarian.jpg	Frankie_Kazarian_2026.png	Total Nonstop Action Wrestling	CC BY 4.0
Gabe Kidd	https://charlies3dprinting-sketch.github.io/ringsideradar-data/photos/gabe-kidd.jpg	Gabe_Kidd_with_the_Strong_Openweight_Championship.jpg	結牙	CC BY 4.0
Giulia	https://charlies3dprinting-sketch.github.io/ringsideradar-data/photos/giulia.jpg	Giulia_RR25_(cropped).jpg	Diego Serrano	CC BY 2.0
Grayson Waller	https://charlies3dprinting-sketch.github.io/ringsideradar-data/photos/grayson-waller.jpg	Grayson_Waller_-_2023_(cropped).jpg	Mechanical Elephant	CC0
Great-O-Khan	https://charlies3dprinting-sketch.github.io/ringsideradar-data/photos/great-o-khan.jpg	Great-O-Khan_2025.jpg	Прикли	CC BY 4.0
Gunther	https://charlies3dprinting-sketch.github.io/ringsideradar-data/photos/gunther.jpg	Gunther_August_2024_(headshot).jpg	Diego Serrano	CC BY 2.0
Hangman Adam Page	https://charlies3dprinting-sketch.github.io/ringsideradar-data/photos/hangman-adam-page.jpg	Adam_Page,_July_2022_2_(headshot).jpg	Super Festivals	CC BY 2.0
Harley Cameron	https://charlies3dprinting-sketch.github.io/ringsideradar-data/photos/harley-cameron.jpg	Harley_Cameron_DYNAMITE_2024_01_03_043_(cropped).jpg	All Elite Wrestling	CC BY-SA 4.0
Hazuki	https://charlies3dprinting-sketch.github.io/ringsideradar-data/photos/hazuki.jpg	Hazuki_ROH_(cropped).jpg	KMcWrestling Photography	CC BY-SA 4.0
Hechicero	https://charlies3dprinting-sketch.github.io/ringsideradar-data/photos/hechicero.jpg	Hechicero_at_ROH_Death_Before_Dishonor_-_August_29_2025_(Headshot).jpg	KMcWrestling Photography	CC BY-SA 4.0
Henare	https://charlies3dprinting-sketch.github.io/ringsideradar-data/photos/henare.jpg	Henare_2023.jpg	ゾーヒョー	CC0
Hikaru Shida	https://charlies3dprinting-sketch.github.io/ringsideradar-data/photos/hikaru-shida.jpg	20220717shida1_(cropped).jpg	Yuzunet	CC BY-SA 4.0
Hirooki Goto	https://charlies3dprinting-sketch.github.io/ringsideradar-data/photos/hirooki-goto.jpg	Hirooki_Goto_2024.jpg	ゾーヒョー	CC0
Hiroshi Tanahashi	https://charlies3dprinting-sketch.github.io/ringsideradar-data/photos/hiroshi-tanahashi.jpg	20221030tana1_(cropped).jpg	Yuzunet	CC BY-SA 4.0
Hook	https://charlies3dprinting-sketch.github.io/ringsideradar-data/photos/hook.jpg	Hook,_2022_(headshot).jpg	All Elite Wrestling	CC BY-SA 4.0
Ilja Dragunov	https://charlies3dprinting-sketch.github.io/ringsideradar-data/photos/ilja-dragunov.jpg	Ilja_Dragunov_2019.jpg	Photos N Effect	CC BY-SA 2.0
Indi Hartwell	https://charlies3dprinting-sketch.github.io/ringsideradar-data/photos/indi-hartwell.jpg	Indi_Hartwell_in_April_2025_(cropped).jpg	J O Y F U L 🐻 V I O L E N C E	CC BY 2.0
Iyo Sky	https://charlies3dprinting-sketch.github.io/ringsideradar-data/photos/iyo-sky.jpg	Iyo_Sky_2024_(cropped).jpg	Carter Sterling	CC BY-SA 2.0
Jack Cartwheel	https://charlies3dprinting-sketch.github.io/ringsideradar-data/photos/jack-cartwheel.jpg	Jack_Cartwheel_in_June_2024.jpg	J O Y F U L 🐻 V I O L E N C E	CC BY 2.0
Jack Perry	https://charlies3dprinting-sketch.github.io/ringsideradar-data/photos/jack-perry.jpg	Jungle_Boy_at_New_York_Comic_Con_2019.png	dante luna	CC BY 3.0
Jacob Fatu	https://charlies3dprinting-sketch.github.io/ringsideradar-data/photos/jacob-fatu.jpg	Jacob_Fatu_RR25_(cropped).jpg	Diego Serrano	CC BY 2.0
Jacy Jayne	https://charlies3dprinting-sketch.github.io/ringsideradar-data/photos/jacy-jayne.jpg	Jacy_Jayne_2023.jpg	Jonathan Rivera	CC BY 2.0
Jade Cargill	https://charlies3dprinting-sketch.github.io/ringsideradar-data/photos/jade-cargill.jpg	All_Elite_Wrestling_TBS_Champion_-_Jade_Cargill_(cropped).jpg	All Elite Wrestling	CC BY-SA 4.0
Jaida Parker	https://charlies3dprinting-sketch.github.io/ringsideradar-data/photos/jaida-parker.jpg	Jaida_Parker_RR25_(cropped).jpg	Diego Serrano	CC BY 2.0
Jake Something	https://charlies3dprinting-sketch.github.io/ringsideradar-data/photos/jake-something.jpg	Jake_Something_in_December_2017_(cropped).jpg	Goddess Of Cats	Public domain
Jamie Hayter	https://charlies3dprinting-sketch.github.io/ringsideradar-data/photos/jamie-hayter.jpg	Jamie_Hayter,_March_2023_(cropped).jpg	All Elite Wrestling	CC BY-SA 4.0
Jay Lethal	https://charlies3dprinting-sketch.github.io/ringsideradar-data/photos/jay-lethal.jpg	Jay_Lethal_ROH_(cropped).jpg	KMcWrestling Photography	CC BY-SA 4.0
JD McDonagh	https://charlies3dprinting-sketch.github.io/ringsideradar-data/photos/jd-mcdonagh.jpg	Jordan_Devlin,_January_2018_08_(cropped).jpg	Miguel Discart (Photos Vrac)	CC BY-SA 2.0
Je'Von Evans	https://charlies3dprinting-sketch.github.io/ringsideradar-data/photos/je-von-evans.jpg	Je'Von_Evans.jpg	HHH Pedrigree	CC BY-SA 4.0
Jeff Hardy	https://charlies3dprinting-sketch.github.io/ringsideradar-data/photos/jeff-hardy.jpg	Jeff_Hardy_GalaxyCon_Des_Moines_September,11,20262107.jpg	John Manard	CC BY-SA 4.0
Jey Uso	https://charlies3dprinting-sketch.github.io/ringsideradar-data/photos/jey-uso.jpg	Jey_Uso_RR25_(1)_(cropped).jpg	Diego Serrano	CC BY 2.0
Jimmy Jacobs	https://charlies3dprinting-sketch.github.io/ringsideradar-data/photos/jimmy-jacobs.jpg	Princess_Jimmy_Jacobs.jpg	Mike Kalasnik from Charlotte, USA	CC BY-SA 2.0
Jimmy Uso	https://charlies3dprinting-sketch.github.io/ringsideradar-data/photos/jimmy-uso.jpg	Jimmy_Uso_2024_(cropped).jpg	Carter Sterling	CC BY-SA 2.0
Joe Coffey	https://charlies3dprinting-sketch.github.io/ringsideradar-data/photos/joe-coffey.jpg	Joe_Coffey_April_2019.jpg	John Manard	CC BY-SA 2.0
Joe Hendry	https://charlies3dprinting-sketch.github.io/ringsideradar-data/photos/joe-hendry.jpg	Joe_Hendry_headshot_(cropped).jpg	Tabercil	CC BY-SA 3.0
Joey Janela	https://charlies3dprinting-sketch.github.io/ringsideradar-data/photos/joey-janela.jpg	Joey_Janela_Oct_2019_(cropped).jpg	grenwail	CC BY 2.0
John Cena	https://charlies3dprinting-sketch.github.io/ringsideradar-data/photos/john-cena.jpg	John_Cena_by_Gage_Skidmore.jpg	Gage Skidmore	CC BY-SA 3.0
Johnny Gargano	https://charlies3dprinting-sketch.github.io/ringsideradar-data/photos/johnny-gargano.jpg	Johnny_Gargano_at_Charity_Softball_Game_2025_(cropped).jpg	Erik Drost	CC BY 4.0
Jon Moxley	https://charlies3dprinting-sketch.github.io/ringsideradar-data/photos/jon-moxley.jpg	Jon_Moxley_Oct_2021.jpg	West Smith	CC BY-SA 4.0
Jordan Oliver	https://charlies3dprinting-sketch.github.io/ringsideradar-data/photos/jordan-oliver.jpg	Jordan_Oliver_ROH_(cropped).jpg	KMcWrestling Photography	CC BY-SA 4.0
Jordynne Grace	https://charlies3dprinting-sketch.github.io/ringsideradar-data/photos/jordynne-grace.jpg	Jordynne_Grace,_September_2024_(cropped).jpg	Earl Gardner	CC BY-SA 2.0
Joseph Sawyer	https://charlies3dprinting-sketch.github.io/ringsideradar-data/photos/joseph-sawyer.jpg	Joe_Gacy_GCW_(cropped).jpg	KMcWrestling Photography	CC BY-SA 4.0
Josh Woods	https://charlies3dprinting-sketch.github.io/ringsideradar-data/photos/josh-woods.jpg	Josh_Woods_2025_(cropped).jpg	KMcWrestling Photography	CC BY-SA 4.0
Julia Hart	https://charlies3dprinting-sketch.github.io/ringsideradar-data/photos/julia-hart.jpg	Julia_Hart,_December_2022_(cropped).jpg	All Elite Wrestling	CC BY-SA 4.0
Kairi Sane	https://charlies3dprinting-sketch.github.io/ringsideradar-data/photos/kairi-sane.jpg	Kairi_Sane_2024_(cropped).jpg	Carter Sterling	CC BY-SA 2.0
Kamille	https://charlies3dprinting-sketch.github.io/ringsideradar-data/photos/kamille.jpg	Kamille_2021_(cropped).jpg	Brandon Oliver	CC BY 2.0
Karl Anderson	https://charlies3dprinting-sketch.github.io/ringsideradar-data/photos/karl-anderson.jpg	Karl_Anderson_2016.JPG	ゾーヒョー	CC BY-SA 4.0
Katsuyori Shibata	https://charlies3dprinting-sketch.github.io/ringsideradar-data/photos/katsuyori-shibata.jpg	Katsuyori_Shibata_ROH_(cropped).jpg	KMcWrestling Photography	CC BY-SA 4.0
Kazuchika Okada	https://charlies3dprinting-sketch.github.io/ringsideradar-data/photos/kazuchika-okada.jpg	Kazuchika_Okada_-_03-07-2024_EDIT-12.jpg	All Elite Wrestling	CC BY-SA 4.0
KC Navarro	https://charlies3dprinting-sketch.github.io/ringsideradar-data/photos/kc-navarro.jpg	KC_Navarro_HOG_Cruiserweight_Champion.jpg	ZekeDane	Public domain
Kenny Omega	https://charlies3dprinting-sketch.github.io/ringsideradar-data/photos/kenny-omega.jpg	All_Elite_Wrestling_Executive_Vice_President_-_Kenny_Omega_(headshot).jpg	All Elite Wrestling	CC BY-SA 4.0
Kevin Knight	https://charlies3dprinting-sketch.github.io/ringsideradar-data/photos/kevin-knight.jpg	Kevin_Knight_at_AEW_Dynamite_-_August_27_2025_(cropped).jpg	KMcWrestling Photography	CC BY-SA 4.0
Kevin Owens	https://charlies3dprinting-sketch.github.io/ringsideradar-data/photos/kevin-owens.jpg	Kevin_Owens_at_IGN_Live_2026.jpg	Kevin Paul	CC BY 4.0
Killer Kross	https://charlies3dprinting-sketch.github.io/ringsideradar-data/photos/killer-kross.jpg	Karrion_Kross,_WrestleMania_XL_(2).jpg	Diego Serrano	CC BY 2.0
Komander	https://charlies3dprinting-sketch.github.io/ringsideradar-data/photos/komander.jpg	Komander_ROH_(cropped).jpg	KMcWrestling Photography	CC BY-SA 4.0
Konosuke Takeshita	https://charlies3dprinting-sketch.github.io/ringsideradar-data/photos/konosuke-takeshita.jpg	KONOSUKE_TAKESHITA,2026年8月16日撮影_(cropped).jpg	結牙	CC BY-SA 4.0
Kosei Fujita	https://charlies3dprinting-sketch.github.io/ringsideradar-data/photos/kosei-fujita.jpg	Kosei_Fujita_2026.jpg	結牙	CC BY 4.0
Kris Statlander	https://charlies3dprinting-sketch.github.io/ringsideradar-data/photos/kris-statlander.jpg	Kris_Statlander_Photo_Op_GalaxyCon_Richmond_2022_(cropped).jpg	Super Festivals from Ft. Lauderdale, USA	CC BY 2.0
Kyle Fletcher	https://charlies3dprinting-sketch.github.io/ringsideradar-data/photos/kyle-fletcher.jpg	Kyle_Fletcher.jpg	House of Glory Wrestling	CC BY 4.0
Kyle O'Reilly	https://charlies3dprinting-sketch.github.io/ringsideradar-data/photos/kyle-o-reilly.jpg	Kyle_O'Reilly_-_Forbidden_Door_(AEW_x_NJPW)_(52292915494)_(cropped).jpg	Carter Sterling	CC BY-SA 2.0
LA Knight	https://charlies3dprinting-sketch.github.io/ringsideradar-data/photos/la-knight.jpg	LA_Knight_RR24_(2)_(headshot).jpg	Diego Serrano	CC BY 2.0
La Parka	https://charlies3dprinting-sketch.github.io/ringsideradar-data/photos/la-parka.jpg	LA_Park_at_LuchaTO_Jan_2016.jpg	Tabercil	CC BY-SA 3.0
Lady Frost	https://charlies3dprinting-sketch.github.io/ringsideradar-data/photos/lady-frost.jpg	Lady_Frost,_November_2019_(cropped).jpg	grenwail	CC BY 2.0
Lance Archer	https://charlies3dprinting-sketch.github.io/ringsideradar-data/photos/lance-archer.jpg	Lance_Archer,_June_2022.jpg	Carter Sterling	CC BY-SA 2.0
Laredo Kid	https://charlies3dprinting-sketch.github.io/ringsideradar-data/photos/laredo-kid.jpg	Laredo_Kid_2.jpg	https://www.flickr.com/photos/rcwforever	CC BY 2.0
Lash Legend	https://charlies3dprinting-sketch.github.io/ringsideradar-data/photos/lash-legend.jpg	Lash_Legend_at_San_Diego_Comic_Con_2026-2.jpg	Kevin Paul	CC BY 4.0
Lee Johnson	https://charlies3dprinting-sketch.github.io/ringsideradar-data/photos/lee-johnson.jpg	Lee_Johnson_wrestler_(cropped).jpg	KMcWrestling Photography	CC BY-SA 4.0
Lee Moriarty	https://charlies3dprinting-sketch.github.io/ringsideradar-data/photos/lee-moriarty.jpg	Lee_Moriarty_in_February_2024.jpg	J O Y F U L 🐻 V I O L E N C E	CC BY 2.0
Lena Kross	https://charlies3dprinting-sketch.github.io/ringsideradar-data/photos/lena-kross.jpg	Lena_Kross_in_April_2025_(cropped).jpg	J O Y F U L 🐻 V I O L E N C E	CC BY 2.0
Leon Slater	https://charlies3dprinting-sketch.github.io/ringsideradar-data/photos/leon-slater.jpg	Leon_Slater_(SovPro)_(cropped).jpg	Sceptre	CC BY 4.0
Lio Rush	https://charlies3dprinting-sketch.github.io/ringsideradar-data/photos/lio-rush.jpg	Lio_Rush_(cropped).jpg	KMcWrestling Photography	CC BY-SA 4.0
Liv Morgan	https://charlies3dprinting-sketch.github.io/ringsideradar-data/photos/liv-morgan.jpg	Big_E,_Liv_Morgan_&_Tyler_Breeze_(1)_(cropped_2).jpg	Diego Serrano	CC BY 2.0
Logan Paul	https://charlies3dprinting-sketch.github.io/ringsideradar-data/photos/logan-paul.jpg	Logan_Paul_RR25_(cropped).jpg	Diego Serrano	CC BY 2.0
Lyra Valkyria	https://charlies3dprinting-sketch.github.io/ringsideradar-data/photos/lyra-valkyria.jpg	Lyra_Valkyria_RR25_(cropped).jpg	Diego Serrano	CC BY 2.0
Léi Yǐng Lee	https://charlies3dprinting-sketch.github.io/ringsideradar-data/photos/lei-ying-lee.jpg	Xia_Li_in_November_2019_(cropped).jpg	Diva Insider	CC BY 3.0
Maika	https://charlies3dprinting-sketch.github.io/ringsideradar-data/photos/maika.jpg	舞華_-_2026.1.11_(cropped).jpg	Pug8310	CC0
Mance Warner	https://charlies3dprinting-sketch.github.io/ringsideradar-data/photos/mance-warner.jpg	Mance_Warner_in_February_2024.jpg	J O Y F U L 🐻 V I O L E N C E	CC BY 2.0
Mara Sadè	https://charlies3dprinting-sketch.github.io/ringsideradar-data/photos/mara-sade.jpg	Mara_Sadè_2026.jpg	Total Nonstop Action Wrestling	CC BY 4.0
Marina Shafir	https://charlies3dprinting-sketch.github.io/ringsideradar-data/photos/marina-shafir.jpg	Marina_Shafir_2022_11_18_Rampage-54_(cropped).jpg	All Elite Wrestling	CC BY-SA 4.0
Mark Briscoe	https://charlies3dprinting-sketch.github.io/ringsideradar-data/photos/mark-briscoe.jpg	Mark_Briscoe_(cropped).jpg	KMcWrestling Photography	CC BY-SA 4.0
Mark Davis	https://charlies3dprinting-sketch.github.io/ringsideradar-data/photos/mark-davis.jpg	Mark_Davis_(wrestler)_(cropped).jpg	KMcWrestling Photography	CC BY-SA 4.0
Marko Stunt	https://charlies3dprinting-sketch.github.io/ringsideradar-data/photos/marko-stunt.jpg	Marko_Stunt_(cropped).jpg	KMcWrestling Photography	CC BY-SA 4.0
Marti Belle	https://charlies3dprinting-sketch.github.io/ringsideradar-data/photos/marti-belle.jpg	Marti_Belle_(14553492266).jpg	Mike Kalasnik from Fort Mill, USA	CC BY-SA 2.0
Matt Cardona	https://charlies3dprinting-sketch.github.io/ringsideradar-data/photos/matt-cardona.jpg	Matt_Cardona,_March_2022_(cropped).jpg	Brandon Oliver	CC BY 2.0
Matt Hardy	https://charlies3dprinting-sketch.github.io/ringsideradar-data/photos/matt-hardy.jpg	Matt_Hardy_GalaxyCon_Des_Moines_September,11,20262108.jpg	John Manard	CC BY-SA 4.0
Maya World	https://charlies3dprinting-sketch.github.io/ringsideradar-data/photos/maya-world.jpg	Maya_World_(cropped).jpg	KMcWrestling Photography	CC BY-SA 4.0
Megan Bayne	https://charlies3dprinting-sketch.github.io/ringsideradar-data/photos/megan-bayne.jpg	Megan_Bayne_in_April_2024_(cropped).jpg	J O Y F U L 🐻 V I O L E N C E	CC BY 2.0
Mercedes Moné	https://charlies3dprinting-sketch.github.io/ringsideradar-data/photos/mercedes-mone.jpg	Mercedes_Moné_Dynamite_2024_03_13_094.jpg	All Elite Wrestling	CC BY-SA 4.0
Mike Bailey	https://charlies3dprinting-sketch.github.io/ringsideradar-data/photos/mike-bailey.jpg	Mike_Bailey_2020.jpg	Photos N Effect	CC BY-SA 2.0
Mike Santana	https://charlies3dprinting-sketch.github.io/ringsideradar-data/photos/mike-santana.jpg	Mike_Santana_2026.png	Total Nonstop Action Wrestling	CC BY 4.0
Mina Shirakawa	https://charlies3dprinting-sketch.github.io/ringsideradar-data/photos/mina-shirakawa.jpg	Mina_Shirakawa,_August_29_2025_(cropped).jpg	KMcWrestling Photography	CC BY-SA 4.0
MJF	https://charlies3dprinting-sketch.github.io/ringsideradar-data/photos/mjf.jpg	Maxwell_Jacob_Friedman,_July_2024_04.jpg	Super Festivals	CC BY 2.0
Moose	https://charlies3dprinting-sketch.github.io/ringsideradar-data/photos/moose.jpg	Moose_TNA_X-Division_champion_2025_(cropped-2).jpg	ZekeDane	Public domain
Mosh	https://charlies3dprinting-sketch.github.io/ringsideradar-data/photos/mosh.jpg	Mosh&thrash.jpg	Lisa Reese	CC BY-SA 2.0
Mustafa Ali	https://charlies3dprinting-sketch.github.io/ringsideradar-data/photos/mustafa-ali.jpg	Mustafa_Ali_as_TNA_X_Division_champion_2024_(cropped).jpg	ZekeDane	Public domain
Myles Borne	https://charlies3dprinting-sketch.github.io/ringsideradar-data/photos/myles-borne.jpg	Myles_Borne_in_November_2024_(cropped).jpg	KMcWrestling Photography	CC BY-SA 4.0
Místico	https://charlies3dprinting-sketch.github.io/ringsideradar-data/photos/mistico.jpg	Mistico_ROH_(cropped)_(cropped).jpg	KMcWrestling Photography	CC BY-SA 4.0
Naomi	https://charlies3dprinting-sketch.github.io/ringsideradar-data/photos/naomi.jpg	Naomi_at_WrestleMania_Axxess_2017.jpg	Sleeper11	CC BY-SA 4.0
Nathan Frazer	https://charlies3dprinting-sketch.github.io/ringsideradar-data/photos/nathan-frazer.jpg	Benjamin_Carter,_July_2020_(cropped_2).jpg	grenwail	CC BY 2.0
Nattie	https://charlies3dprinting-sketch.github.io/ringsideradar-data/photos/nattie.jpg	Natalya_WrestleMania_32_Axxess.jpg	Miguel Discart	CC BY-SA 2.0
Nia Jax	https://charlies3dprinting-sketch.github.io/ringsideradar-data/photos/nia-jax.jpg	Nia_Jax_RR25_(cropped).jpg	Diego Serrano	CC BY 2.0
Nic Nemeth	https://charlies3dprinting-sketch.github.io/ringsideradar-data/photos/nic-nemeth.jpg	Dolph_Ziggler_Photo_Op_GalaxyCon_St._Louis_2025.jpg	Super Festivals from Ft. Lauderdale, USA	CC BY 4.0
Nick Aldis	https://charlies3dprinting-sketch.github.io/ringsideradar-data/photos/nick-aldis.jpg	Magnus_Jan_2013.jpg	Simon Q	CC BY 2.0
Nick Gage	https://charlies3dprinting-sketch.github.io/ringsideradar-data/photos/nick-gage.jpg	Nick_Gage,_April_2019_(cropped).jpg	grenwail	CC BY 2.0
Nick Wayne	https://charlies3dprinting-sketch.github.io/ringsideradar-data/photos/nick-wayne.jpg	Nick_Wayne_ROH_Death_Before_Dishonor_-_August_20_2026_(cropped).jpg	KMcWrestling Photography	CC BY-SA 4.0
Nigel McGuinness	https://charlies3dprinting-sketch.github.io/ringsideradar-data/photos/nigel-mcguinness.jpg	Nigel_McGuinness_Collision_2024_09_12_068_(cropped).jpg	All Elite Wrestling	CC BY-SA 4.0
Nikki Bella	https://charlies3dprinting-sketch.github.io/ringsideradar-data/photos/nikki-bella.jpg	Nikki_Bella_RR25_2_(cropped).jpg	Diego Serrano	CC BY 2.0
Oba Femi	https://charlies3dprinting-sketch.github.io/ringsideradar-data/photos/oba-femi.jpg	Oba_Femi_2024_(cropped).jpg	Jonathan Rivera	CC BY 2.0
Orange Cassidy	https://charlies3dprinting-sketch.github.io/ringsideradar-data/photos/orange-cassidy.jpg	Orange_Cassidy_Photo_Op_Nightmare_Weekend_Chicago_2025.jpg	Super Festivals	CC BY 2.0
PAC	https://charlies3dprinting-sketch.github.io/ringsideradar-data/photos/pac.jpg	Benjamin_"Pac"_Satterley,_November_26,_2025_(cropped).jpg	Feniin	CC0
Paige	https://charlies3dprinting-sketch.github.io/ringsideradar-data/photos/paige.jpg	Saraya_Bevis,_September_2022_(cropped).jpg	All Elite Wrestling	CC BY-SA 4.0
Penta	https://charlies3dprinting-sketch.github.io/ringsideradar-data/photos/penta.jpg	Penta_RR25_(cropped).jpg	Diego Serrano	CC BY 2.0
Persephone	https://charlies3dprinting-sketch.github.io/ringsideradar-data/photos/persephone.jpg	Persephone_AEW_(cropped).jpg	KMcWrestling Photography	CC BY-SA 4.0
Piper Niven	https://charlies3dprinting-sketch.github.io/ringsideradar-data/photos/piper-niven.jpg	Piper_Niven_Jan_2023.jpg	US Air Force / Jason Wilkinson	Public domain
Psycho Clown	https://charlies3dprinting-sketch.github.io/ringsideradar-data/photos/psycho-clown.jpg	Psycho_Clown_2024_08_(cropped).jpg	MilanoCollection	CC BY-SA 4.0
Queen Aminata	https://charlies3dprinting-sketch.github.io/ringsideradar-data/photos/queen-aminata.jpg	Queen_Aminata_in_April_2025_(cropped).jpg	BEAR FROM SPACE	CC BY 2.0
Randy Orton	https://charlies3dprinting-sketch.github.io/ringsideradar-data/photos/randy-orton.jpg	Randy_Orton_RR24_(cropped).jpg	Diego Serrano	CC BY 2.0
Ranna Yagami	https://charlies3dprinting-sketch.github.io/ringsideradar-data/photos/ranna-yagami.jpg	RannaYagami20251205.jpg	KevMullen23	CC BY 4.0
Raquel Rodriguez	https://charlies3dprinting-sketch.github.io/ringsideradar-data/photos/raquel-rodriguez.jpg	Raquel_Rodriguez_RR25_(cropped).jpg	Diego Serrano	CC BY 2.0
Raven	https://charlies3dprinting-sketch.github.io/ringsideradar-data/photos/raven.jpg	Raven_2025_cropped.jpg	https://www.flickr.com/photos/68401677@N02/	Public domain
Red Velvet	https://charlies3dprinting-sketch.github.io/ringsideradar-data/photos/red-velvet.jpg	Red_Velvet,_2024_2_07_(cropped).jpg	All Elite Wrestling	CC BY-SA 4.0
Rey Fénix	https://charlies3dprinting-sketch.github.io/ringsideradar-data/photos/rey-fenix.jpg	Rey_Fenix_(cropped).jpg	grenwail	CC BY 2.0
Rey Mysterio	https://charlies3dprinting-sketch.github.io/ringsideradar-data/photos/rey-mysterio.jpg	Rey_Mysterio_at_San_Diego_Comic_Con_2026_(3x4_cropped).jpg	Kevin Paul	CC BY 4.0
Rhea Ripley	https://charlies3dprinting-sketch.github.io/ringsideradar-data/photos/rhea-ripley.jpg	Rhea_Ripley,_April_2024_(cropped)_(cropped).jpg	Diego Serrano	CC BY 2.0
Ric Flair	https://charlies3dprinting-sketch.github.io/ringsideradar-data/photos/ric-flair.jpg	Ric_Flair_Photo_Op_GalaxyCon_Richmond_2025.jpg	Super Festivals	CC BY 2.0
Rich Swann	https://charlies3dprinting-sketch.github.io/ringsideradar-data/photos/rich-swann.jpg	Rich_Swann_2019-07-05_(cropped).jpg	Brandon Oliver	CC BY 2.0
Ricky Saints	https://charlies3dprinting-sketch.github.io/ringsideradar-data/photos/ricky-saints.jpg	WMC_AEWSTARKS-CHAMP.jpg	Adam Marantz/All Elite Wrestling	CC BY-SA 4.0
Ricky Smokes	https://charlies3dprinting-sketch.github.io/ringsideradar-data/photos/ricky-smokes.jpg	Ricky_Smokes_(cropped).jpg	ZekeDane	Public domain
Ricky Sosa	https://charlies3dprinting-sketch.github.io/ringsideradar-data/photos/ricky-sosa.jpg	Ricky_Sosa_(cropped).jpg	Miguel Discart &amp; Kiri Karma	CC BY-SA 2.0
Ricochet	https://charlies3dprinting-sketch.github.io/ringsideradar-data/photos/ricochet.jpg	Ricochet_ALL_IN_2024_08_25_127_(headshot).jpg	All Elite Wrestling	CC BY-SA 4.0
Roderick Strong	https://charlies3dprinting-sketch.github.io/ringsideradar-data/photos/roderick-strong.jpg	Roderick_Strong_2016_(cropped2).png	Courtney Rose	CC BY-SA 2.0
Roman Reigns	https://charlies3dprinting-sketch.github.io/ringsideradar-data/photos/roman-reigns.jpg	Roman_Reigns_RR25_(1)_(headshot).jpg	Diego Serrano	CC BY 2.0
Rosemary	https://charlies3dprinting-sketch.github.io/ringsideradar-data/photos/rosemary.jpg	Rosemary,_2018_01_(cropped).jpg	Goddess of Cats on Flickr	CC BY-SA 4.0
Roxanne Perez	https://charlies3dprinting-sketch.github.io/ringsideradar-data/photos/roxanne-perez.jpg	Roxanne_Perez_RR25.jpg	Diego Serrano	CC BY 2.0
Rusev	https://charlies3dprinting-sketch.github.io/ringsideradar-data/photos/rusev.jpg	WMC_AEWMIRO-CHAMP.jpg	Adam Marantz/All Elite Wrestling	CC BY-SA 4.0
Rush	https://charlies3dprinting-sketch.github.io/ringsideradar-data/photos/rush.jpg	Rush_wrestler_(cropped).jpg	KMcWrestling Photography	CC BY-SA 4.0
Sami Zayn	https://charlies3dprinting-sketch.github.io/ringsideradar-data/photos/sami-zayn.jpg	Sami_Zayn_March_2023.jpg	Diego Serrano	CC BY 2.0
Sammy Guevara	https://charlies3dprinting-sketch.github.io/ringsideradar-data/photos/sammy-guevara.jpg	Sammy_Guevara_Supercard_Of_Honor_2026_(cropped).jpg	KMcWrestling Photography	CC BY-SA 4.0
Samoa Joe	https://charlies3dprinting-sketch.github.io/ringsideradar-data/photos/samoa-joe.jpg	Samoa_Joe,_2022_(cropped).jpg	All Elite Wrestling	CC BY-SA 4.0
Sanada	https://charlies3dprinting-sketch.github.io/ringsideradar-data/photos/sanada.jpg	SANADA_2025.jpg	ゾーヒョー	CC0
Saya Kamitani	https://charlies3dprinting-sketch.github.io/ringsideradar-data/photos/saya-kamitani.jpg	SayaKamitani2025_(cropped).jpg	KevMullen23	CC BY 4.0
Seth Rollins	https://charlies3dprinting-sketch.github.io/ringsideradar-data/photos/seth-rollins.jpg	Seth_Rollins_July_2019.jpg	Super Festivals	CC BY 2.0
Sheamus	https://charlies3dprinting-sketch.github.io/ringsideradar-data/photos/sheamus.jpg	Sheamus_April_2014.jpg	Megan Elice Meadows	CC BY-SA 2.0
Shingo Takagi	https://charlies3dprinting-sketch.github.io/ringsideradar-data/photos/shingo-takagi.jpg	SHINGO_TAKAGI_2020.02.20.jpg	Hirondon	CC BY-SA 4.0
Sho	https://charlies3dprinting-sketch.github.io/ringsideradar-data/photos/sho.jpg	SHO_(wrestler)_2024.jpg	ゾーヒョー	CC0
Shota Umino	https://charlies3dprinting-sketch.github.io/ringsideradar-data/photos/shota-umino.jpg	20240426_umino_shota_(cropped).jpg	ハイエナジー	CC BY-SA 4.0
Shotzi Blackheart	https://charlies3dprinting-sketch.github.io/ringsideradar-data/photos/shotzi-blackheart.jpg	Shotzi_Blackheart_at_the_Summit_2019_(cropped).jpg	Tabercil	CC BY-SA 3.0
Skye Blue	https://charlies3dprinting-sketch.github.io/ringsideradar-data/photos/skye-blue.jpg	Skye_Blue,_November_2023_(cropped).jpg	All Elite Wrestling	CC BY-SA 4.0
Soberano Jr.	https://charlies3dprinting-sketch.github.io/ringsideradar-data/photos/soberano-jr.jpg	Soberano_Jr.jpg	ゾーヒョー	CC BY-SA 4.0
Solo Sikoa	https://charlies3dprinting-sketch.github.io/ringsideradar-data/photos/solo-sikoa.jpg	Solo_Sikoa_2024_(cropped).jpg	Carter Sterling	CC BY-SA 2.0
Starlight Kid	https://charlies3dprinting-sketch.github.io/ringsideradar-data/photos/starlight-kid.jpg	スターライト・キッド-_2026.02.13_(cropped).jpg	Pug8310	CC0
Steph De Lander	https://charlies3dprinting-sketch.github.io/ringsideradar-data/photos/steph-de-lander.jpg	Steph_De_Lander_(cropped).jpg	KMcWrestling Photography	CC BY-SA 4.0
Stephanie Vaquer	https://charlies3dprinting-sketch.github.io/ringsideradar-data/photos/stephanie-vaquer.jpg	Stephanie_Vaquer,_April_2024_2.jpg	J O Y F U L 🐻 V I O L E N C E	CC BY 2.0
Steve Maclin	https://charlies3dprinting-sketch.github.io/ringsideradar-data/photos/steve-maclin.jpg	Steve_Maclin_2026.png	Total Nonstop Action Wrestling	CC BY 4.0
Swerve Strickland	https://charlies3dprinting-sketch.github.io/ringsideradar-data/photos/swerve-strickland.jpg	Swerve_Strickland,_Feb_2022_(cropped).jpg	West Smith	CC BY 2.0
Swoggle	https://charlies3dprinting-sketch.github.io/ringsideradar-data/photos/swoggle.jpg	Hornswoggle_Alpha-1_2019.jpg	Tabercil	CC BY-SA 3.0
Syuri	https://charlies3dprinting-sketch.github.io/ringsideradar-data/photos/syuri.jpg	Syuri_in_April_2025_(cropped).jpg	J O Y F U L 🐻 V I O L E N C E	CC BY 2.0
Taiji Ishimori	https://charlies3dprinting-sketch.github.io/ringsideradar-data/photos/taiji-ishimori.jpg	Ishimori20191103.jpg	ハイエナジー	CC BY 4.0
Talla Tonga	https://charlies3dprinting-sketch.github.io/ringsideradar-data/photos/talla-tonga.jpg	Hikuleo.png	ZINKUSUJU	CC BY-SA 4.0
Tama Tonga	https://charlies3dprinting-sketch.github.io/ringsideradar-data/photos/tama-tonga.jpg	2023.11.04-tama_(cropped).jpg	ハイエナジー	CC BY-SA 4.0
Templario	https://charlies3dprinting-sketch.github.io/ringsideradar-data/photos/templario.jpg	Templario_cubriendo_a_su_compañero_desenmascarado_(cropped).jpg	Satanic.boho	CC BY-SA 4.0
Tessa Blanchard	https://charlies3dprinting-sketch.github.io/ringsideradar-data/photos/tessa-blanchard.jpg	Tessa_Blanchard_2019.jpg	Brandon Oliver	CC BY 2.0
Thekla	https://charlies3dprinting-sketch.github.io/ringsideradar-data/photos/thekla.jpg	Thekla_in_April_2025.jpg	J O Y F U L 🐻 V I O L E N C E	CC BY 2.0
Thrasher	https://charlies3dprinting-sketch.github.io/ringsideradar-data/photos/thrasher.jpg	Mosh&thrash.jpg	Lisa Reese	CC BY-SA 2.0
Thunder Rosa	https://charlies3dprinting-sketch.github.io/ringsideradar-data/photos/thunder-rosa.jpg	All_Elite_Wrestling_Women's_World_Champion_-_Thunder_Rosa_(cropped).jpg	All Elite Wrestling	CC BY-SA 4.0
Tiffany Stratton	https://charlies3dprinting-sketch.github.io/ringsideradar-data/photos/tiffany-stratton.jpg	Tiffany_Stratton_Las_Vegas_2026.jpg	TaurusEmerald	CC BY-SA 4.0
Titán	https://charlies3dprinting-sketch.github.io/ringsideradar-data/photos/titan.jpg	2023.11.04-titan_(cropped).jpg	ハイエナジー	CC BY-SA 4.0
Tommaso Ciampa	https://charlies3dprinting-sketch.github.io/ringsideradar-data/photos/tommaso-ciampa.jpg	Tommaso_Ciampa_RR25_(cropped_for_preview).jpg	Diego Serrano	CC BY 2.0
Tommy Dreamer	https://charlies3dprinting-sketch.github.io/ringsideradar-data/photos/tommy-dreamer.jpg	Tommy_Dreamer_2025_(cropped).jpg	ZekeDane	Public domain
Toni Storm	https://charlies3dprinting-sketch.github.io/ringsideradar-data/photos/toni-storm.jpg	Toni_Storm_in_April_2024_(cropped).jpg	J O Y F U L 🐻 V I O L E N C E	CC BY 2.0
Tony D'Angelo	https://charlies3dprinting-sketch.github.io/ringsideradar-data/photos/tony-d-angelo.jpg	Tony_D’Angelo_(cropped).jpg	WrestlingGeek5196	CC0
Tracy Williams	https://charlies3dprinting-sketch.github.io/ringsideradar-data/photos/tracy-williams.jpg	Tracy_Williams,_February_2019_(cropped).jpg	grenwail	CC BY 2.0
Trevor Lee	https://charlies3dprinting-sketch.github.io/ringsideradar-data/photos/trevor-lee.jpg	Trevor_Lee_X_Division_Champ_BFG_17_(cropped).jpg	Mike Kalasnik from Charlotte, USA	CC BY-SA 2.0
Trey Miguel	https://charlies3dprinting-sketch.github.io/ringsideradar-data/photos/trey-miguel.jpg	Trey_Miguel_June_2019.jpg	Tabercil	CC BY-SA 3.0
Trick Williams	https://charlies3dprinting-sketch.github.io/ringsideradar-data/photos/trick-williams.jpg	Trick_Williams_FOS_2026_version_3_(cropped).png	Front Office Sports	CC BY 4.0
Trish Adora	https://charlies3dprinting-sketch.github.io/ringsideradar-data/photos/trish-adora.jpg	Trish_Adora_in_February_2024_(cropped).jpg	J O Y F U L 🐻 V I O L E N C E	CC BY 2.0
Uhaa Nation	https://charlies3dprinting-sketch.github.io/ringsideradar-data/photos/uhaa-nation.jpg	Apollo_Crews_WrestleMania_32_Axxess.jpg	Miguel Discart	CC BY-SA 2.0
Viva Van	https://charlies3dprinting-sketch.github.io/ringsideradar-data/photos/viva-van.jpg	Viva_Van_(cropped).jpg	KMcWrestling Photography	CC BY-SA 4.0
Volador Jr.	https://charlies3dprinting-sketch.github.io/ringsideradar-data/photos/volador-jr.jpg	Volador_Jr._2016.jpg	ゾーヒョー	CC BY-SA 4.0
Wheeler Yuta	https://charlies3dprinting-sketch.github.io/ringsideradar-data/photos/wheeler-yuta.jpg	Wheeler_Yuta_(2021-07-14)_(cropped).jpg	Ralph Arvesen	CC BY-SA 2.0
Will Ospreay	https://charlies3dprinting-sketch.github.io/ringsideradar-data/photos/will-ospreay.jpg	Will_Ospreay,_AEW_Revolution_2024_(cropped).jpg	JJ Williams, Digital media staff at Wrestling Observer Newsletter	CC BY 3.0
Willow Nightingale	https://charlies3dprinting-sketch.github.io/ringsideradar-data/photos/willow-nightingale.jpg	Willow_Nightingale,_Jan_2023_02_(cropped).jpg	ZekeDane	Public domain
Wren Sinclair	https://charlies3dprinting-sketch.github.io/ringsideradar-data/photos/wren-sinclair.jpg	Madi_Wrenkowski,_November_2023_(cropped).jpg	Brandon Oliver	CC BY 2.0
Xelhua	https://charlies3dprinting-sketch.github.io/ringsideradar-data/photos/xelhua.jpg	Xelhua_(wrestler)_(cropped_-_2).jpg	KMcWrestling Photography	CC BY-SA 4.0
Xia Brookside	https://charlies3dprinting-sketch.github.io/ringsideradar-data/photos/xia-brookside.jpg	Xia_Brookside_in_April_2024_(cropped).jpg	J O Y F U L 🐻 V I O L E N C E	CC BY 2.0
Yoh	https://charlies3dprinting-sketch.github.io/ringsideradar-data/photos/yoh.jpg	YOHnjpw.jpg	Monaco njpw	CC BY-SA 4.0
Yota Tsuji	https://charlies3dprinting-sketch.github.io/ringsideradar-data/photos/yota-tsuji.jpg	Yota_Tsuji_20250105_(cropped).jpg	結牙	CC BY-SA 4.0
Yuka Sakazaki	https://charlies3dprinting-sketch.github.io/ringsideradar-data/photos/yuka-sakazaki.jpg	Yuka_Sakazaki_Dynamite_2023_12_27_008_(cropped).jpg	All Elite Wrestling	CC BY-SA 4.0
Yuya Uemura	https://charlies3dprinting-sketch.github.io/ringsideradar-data/photos/yuya-uemura.jpg	Yuya_Uemura_20260816_(cropped).jpg	結牙	CC BY-SA 4.0
Zack Gibson	https://charlies3dprinting-sketch.github.io/ringsideradar-data/photos/zack-gibson.jpg	Zack_Gibson_2018.jpg	Miguel Discart	CC BY-SA 2.0
Zack Sabre Jr.	https://charlies3dprinting-sketch.github.io/ringsideradar-data/photos/zack-sabre-jr.jpg	Zack_Sabre_Jr,_June_2022.jpg	Carter Sterling	CC BY-SA 2.0
Zayda Steel	https://charlies3dprinting-sketch.github.io/ringsideradar-data/photos/zayda-steel.jpg	Zayda_Steel_in_March_2025_(cropped).jpg	✨ JOYFUL VI0LENCE ✨	CC BY 4.0
Zelina Vega	https://charlies3dprinting-sketch.github.io/ringsideradar-data/photos/zelina-vega.jpg	Zelina_Vega_2018-04-07_20-50-02_ILCE-6500_DSC06809_(cropped).jpg	Miguel Discart	CC BY-SA 2.0
Zilla Fatu	https://charlies3dprinting-sketch.github.io/ringsideradar-data/photos/zilla-fatu.jpg	Zilla_Fatu,_September_2024_01_(cropped).jpg	Earl Gardner	CC BY-SA 2.0
Último Guerrero	https://charlies3dprinting-sketch.github.io/ringsideradar-data/photos/ultimo-guerrero.jpg	Último_Guerrero_2017.jpg	ゾーヒョー	CC BY-SA 4.0
Yoshiki Inamura	https://charlies3dprinting-sketch.github.io/ringsideradar-data/photos/yoshiki-inamura.jpg	20230506inamura1_(cropped).jpg	Yuzunet	CC BY-SA 4.0
Silas Mason	https://charlies3dprinting-sketch.github.io/ringsideradar-data/photos/silas-mason.jpg	Silas_Mason.jpg	grenwail	CC BY 2.0
Kento Miyahara	https://charlies3dprinting-sketch.github.io/ringsideradar-data/photos/kento-miyahara.jpg	20230318kento2.jpg	Yuzunet	CC BY-SA 4.0
Michael Oku	https://charlies3dprinting-sketch.github.io/ringsideradar-data/photos/michael-oku.jpg	Michael_Oku_wXw_16_Carat_Gold_2024.jpg	Pinkd56	CC0
Shane Haste	https://charlies3dprinting-sketch.github.io/ringsideradar-data/photos/shane-haste.jpg	Shane_Haste_(cropped).jpg	J O Y F U L 🐻 V I O L E N C E	CC BY 2.0
Man Like DeReiss	https://charlies3dprinting-sketch.github.io/ringsideradar-data/photos/man-like-dereiss.jpg	Man_Like_DeReiss_in_April_2024.jpg	J O Y F U L 🐻 V I O L E N C E	CC BY 2.0
KENTA	https://charlies3dprinting-sketch.github.io/ringsideradar-data/photos/kenta.jpg	KENTA202302.png	ZINKUSUJU	CC BY-SA 4.0
Charles Mason	https://charlies3dprinting-sketch.github.io/ringsideradar-data/photos/charles-mason.jpg	Charles_Mason_in_April_2025.jpg	✨ JOYFUL VI0LENCE ✨	CC BY 4.0
Madoka Kikuta	https://charlies3dprinting-sketch.github.io/ringsideradar-data/photos/madoka-kikuta.jpg	菊田円2024.jpg	Yoccy441	CC BY-SA 4.0
Yuki Ueno	https://charlies3dprinting-sketch.github.io/ringsideradar-data/photos/yuki-ueno.jpg	上野勇希2024.8.jpg	Yoccy441	CC BY-SA 4.0
Ren Narita	https://charlies3dprinting-sketch.github.io/ringsideradar-data/photos/ren-narita.jpg	Ren_Narita_2025.jpg	ゾーヒョー	CC0
Bear Bronson	https://charlies3dprinting-sketch.github.io/ringsideradar-data/photos/bear-bronson.jpg	Bear_Bronson_(cropped).jpg	KMcWrestling Photography	CC BY-SA 4.0
Boltin Oleg	https://charlies3dprinting-sketch.github.io/ringsideradar-data/photos/boltin-oleg.jpg	ボルチン・オレッグ20240810.jpg	結牙	CC BY 4.0
Jay Joshua	https://charlies3dprinting-sketch.github.io/ringsideradar-data/photos/jay-joshua.jpg	Jay_Joshua_(left)_and_Connor_Mills_(right);_2025_(cropped)_(2).jpg	ImpostorsNeedle	CC BY 4.0
Krule	https://charlies3dprinting-sketch.github.io/ringsideradar-data/photos/krule.jpg	Mads_Krugger.jpg	KMcWrestling Photography	CC BY-SA 4.0
Allie Katch	https://charlies3dprinting-sketch.github.io/ringsideradar-data/photos/allie-katch.jpg	Allie_Kat,_May_2019_(cropped).jpg	grenwail	CC BY 2.0
1 Called Manders	https://charlies3dprinting-sketch.github.io/ringsideradar-data/photos/1-called-manders.jpg	Manders_16_carat_winner_March_2025.jpg	BackFullOfLife30	CC0
Matt Riddle	https://charlies3dprinting-sketch.github.io/ringsideradar-data/photos/matt-riddle.jpg	Matt_Riddle_August_2017.jpg	Endlessdan	CC BY-SA 4.0
Hideki Suzuki	https://charlies3dprinting-sketch.github.io/ringsideradar-data/photos/hideki-suzuki.jpg	Shinkiba1stRingCIMG2897_(cropped).jpg	Bject	CC BY-SA 4.0
Thom Latimer	https://charlies3dprinting-sketch.github.io/ringsideradar-data/photos/thom-latimer.jpg	Bram_2017_(2).jpg	Miguel Discart Photos Vrac 2	CC BY-SA 2.0
Elijah Blum	https://charlies3dprinting-sketch.github.io/ringsideradar-data/photos/elijah-blum.jpg	Elijah_Blum_20260406.jpg	MilanoCollection	CC BY-SA 4.0
Shun Skywalker	https://charlies3dprinting-sketch.github.io/ringsideradar-data/photos/shun-skywalker.jpg	シュン・スカイウォーカー2024.jpg	Yoccy441	CC BY-SA 4.0
Shinya Aoki	https://charlies3dprinting-sketch.github.io/ringsideradar-data/photos/shinya-aoki.jpg	KO-D無差別級王者・青木真也.jpg	Yoccy441	CC BY-SA 4.0
Luke Jacobs	https://charlies3dprinting-sketch.github.io/ringsideradar-data/photos/luke-jacobs.jpg	Luke_Jacobs_in_April_2025.jpg	J O Y F U L 🐻 V I O L E N C E	CC BY 2.0
Go Shiozaki	https://charlies3dprinting-sketch.github.io/ringsideradar-data/photos/go-shiozaki.jpg	Go_Shiozaki_2011.jpg	Stuart Sunley	CC BY-SA 2.0
Peter Tihanyi	https://charlies3dprinting-sketch.github.io/ringsideradar-data/photos/peter-tihanyi.jpg	Peter_Tihanyi.jpg	Miguel Discart &amp; Kiri Karma	CC BY-SA 2.0
Myron Reed	https://charlies3dprinting-sketch.github.io/ringsideradar-data/photos/myron-reed.jpg	Myron_Reed_(cropped).jpg	KMcWrestling Photography	CC BY-SA 4.0
Adam Brooks	https://charlies3dprinting-sketch.github.io/ringsideradar-data/photos/adam-brooks.jpg	Adam_Brooks_ROH_Death_Before_Dishonor-_Zero_Hour_-_August_20_2026_-_55517208482_(cropped).jpg	KMcWrestling Photography	CC BY-SA 4.0
Royce Keys	https://charlies3dprinting-sketch.github.io/ringsideradar-data/photos/royce-keys.jpg	Will_"Powerhouse"_Hobbs,_2022_(cropped).jpg	West Smith	CC BY 2.0
Aaron Rourke	https://charlies3dprinting-sketch.github.io/ringsideradar-data/photos/aaron-rourke.jpg	Aaron_Rourke_(2nd_Crop).jpg	grenwail	CC BY 2.0
Richard Holliday	https://charlies3dprinting-sketch.github.io/ringsideradar-data/photos/richard-holliday.jpg	Richard_Holliday_2026.jpg	Jayvogel1123	CC BY 4.0
Ryoya Tanaka	https://charlies3dprinting-sketch.github.io/ringsideradar-data/photos/ryoya-tanaka.jpg	Ryoya_Tanaka_in_May_2025.jpg	jacquemart	Public domain
Sha Samuels	https://charlies3dprinting-sketch.github.io/ringsideradar-data/photos/sha-samuels.jpg	Sha_Samuels_at_Night_1_of_CHIKARA's_King_of_Trios_(cropped).jpg	Mike Kalasnik	CC BY-SA 2.0
KUSHIDA	https://charlies3dprinting-sketch.github.io/ringsideradar-data/photos/kushida.jpg	KUSHIDA_2017.jpg	ゾーヒョー	CC BY-SA 4.0
Naomichi Marufuji	https://charlies3dprinting-sketch.github.io/ringsideradar-data/photos/naomichi-marufuji.jpg	Naomichi_Marufuji_2016.jpg	ゾーヒョー	CC BY-SA 4.0
Kenoh	https://charlies3dprinting-sketch.github.io/ringsideradar-data/photos/kenoh.jpg	拳王（プロレスラー）_(cropped).jpg	笹木笹木	CC BY-SA 4.0
Eita	https://charlies3dprinting-sketch.github.io/ringsideradar-data/photos/eita.jpg	Eita2016.jpg	Yoccy441	CC BY-SA 4.0
Mao	https://charlies3dprinting-sketch.github.io/ringsideradar-data/photos/mao.jpg	Mao_in_April_2025.jpg	J O Y F U L 🐻 V I O L E N C E	CC BY 2.0
Yamato	https://charlies3dprinting-sketch.github.io/ringsideradar-data/photos/yamato.jpg	Yamato_in_April_2025.jpg	J O Y F U L 🐻 V I O L E N C E	CC BY 2.0
Kaito Kiyomiya	https://charlies3dprinting-sketch.github.io/ringsideradar-data/photos/kaito-kiyomiya.jpg	20230122kiyomiya_(cropped).jpg	Yuzunet	CC BY-SA 4.0
Kerry Morton	https://charlies3dprinting-sketch.github.io/ringsideradar-data/photos/kerry-morton.jpg	Kerry_Morton_in_February_2024.jpg	J O Y F U L 🐻 V I O L E N C E	CC BY 2.0
Lexis King	https://charlies3dprinting-sketch.github.io/ringsideradar-data/photos/lexis-king.jpg	Brian_Pillman_Jr,_2020_(cropped).jpg	Damian Lynch	CC BY-SA 2.0
Robbie Eagles	https://charlies3dprinting-sketch.github.io/ringsideradar-data/photos/robbie-eagles.jpg	Robbie_Eagles_20260105.jpg	結牙	CC BY 4.0
Mike Mondo	https://charlies3dprinting-sketch.github.io/ringsideradar-data/photos/mike-mondo.jpg	MikeMondo.jpg	Sayuncle (talk)	CC BY-SA 3.0
Ryohei Oiwa	https://charlies3dprinting-sketch.github.io/ringsideradar-data/photos/ryohei-oiwa.jpg	Ryohei_Oiwa_20260816_(cropped).jpg	結牙	CC BY-SA 4.0
Stu Grayson	https://charlies3dprinting-sketch.github.io/ringsideradar-data/photos/stu-grayson.jpg	Stu_Greyson_Oct_2019_(cropped).jpg	grenwail	CC BY 2.0
Shuji Ishikawa	https://charlies3dprinting-sketch.github.io/ringsideradar-data/photos/shuji-ishikawa.jpg	20230823ishikawa2.jpg	Yuzunet	CC BY-SA 4.0
Donovan Dijak	https://charlies3dprinting-sketch.github.io/ringsideradar-data/photos/donovan-dijak.jpg	Chris_Dijak_Axxess_2018_crop.jpg	Shared Account	CC BY-SA 2.0
Daisuke Sasaki	https://charlies3dprinting-sketch.github.io/ringsideradar-data/photos/daisuke-sasaki.jpg	DDT_佐々木大輔選手(2020).jpg	Cjx59940	CC BY-SA 4.0
John Wayne Murdoch	https://charlies3dprinting-sketch.github.io/ringsideradar-data/photos/john-wayne-murdoch.jpg	John_Wayne_Murdoch.jpg	KMcWrestling Photography	CC BY-SA 4.0
Elio LeFleur	https://charlies3dprinting-sketch.github.io/ringsideradar-data/photos/elio-lefleur.jpg	Aigle_Blanc_February_2020.jpg	Miguel Discart	CC BY-SA 2.0
Rhio	https://charlies3dprinting-sketch.github.io/ringsideradar-data/photos/rhio.jpg	Rhio_in_April_2024.jpg	J O Y F U L 🐻 V I O L E N C E	CC BY 2.0
Jun Kasai	https://charlies3dprinting-sketch.github.io/ringsideradar-data/photos/jun-kasai.jpg	20230718kasai1.jpg	Yuzunet	CC BY-SA 4.0
Hammerstone	https://charlies3dprinting-sketch.github.io/ringsideradar-data/photos/hammerstone.jpg	Alexander_Hammerstone_in_February_2024.jpg	J O Y F U L 🐻 V I O L E N C E	CC BY 2.0
Robbie X	https://charlies3dprinting-sketch.github.io/ringsideradar-data/photos/robbie-x.jpg	Robbie_X_2024.png	ハイエナジー	CC BY-SA 4.0
Drew Parker	https://charlies3dprinting-sketch.github.io/ringsideradar-data/photos/drew-parker.jpg	Drew_Parker_20.02.27.jpg	Hirondon	CC BY-SA 4.0
TJP	https://charlies3dprinting-sketch.github.io/ringsideradar-data/photos/tjp.jpg	TJP_20250317.jpg	結牙	CC BY 4.0
Kazuki Hirata	https://charlies3dprinting-sketch.github.io/ringsideradar-data/photos/kazuki-hirata.jpg	平田一喜2023.jpg	Yoccy441	CC BY-SA 4.0
Kzy	https://charlies3dprinting-sketch.github.io/ringsideradar-data/photos/kzy.jpg	Kzy_in_April_2025.jpg	J O Y F U L 🐻 V I O L E N C E	CC BY 2.0
El Clon	https://charlies3dprinting-sketch.github.io/ringsideradar-data/photos/el-clon.jpg	Arez_20241214_(cropped).jpg	J O Y F U L 🐻 V I O L E N C E	CC BY 2.0
Royce Isaacs	https://charlies3dprinting-sketch.github.io/ringsideradar-data/photos/royce-isaacs.jpg	Royce_Isaacs_in_November_2024.jpg	KMcWrestling Photography	CC BY-SA 4.0
Master Wato	https://charlies3dprinting-sketch.github.io/ringsideradar-data/photos/master-wato.jpg	マスター・ワト_(cropped).jpg	Pug8310	CC0
Francesco Akira	https://charlies3dprinting-sketch.github.io/ringsideradar-data/photos/francesco-akira.jpg	真夏の変態祭りIMG_3565_(cropped).jpg	Bject	CC BY-SA 4.0
El Lindaman	https://charlies3dprinting-sketch.github.io/ringsideradar-data/photos/el-lindaman.jpg	20220126linda.jpg	Yuzunet	CC BY-SA 4.0
The Beast Mortos	https://charlies3dprinting-sketch.github.io/ringsideradar-data/photos/the-beast-mortos.jpg	Black_Taurus_in_February_2024.jpg	J O Y F U L 🐻 V I O L E N C E	CC BY 2.0
Titus Alexander	https://charlies3dprinting-sketch.github.io/ringsideradar-data/photos/titus-alexander.jpg	Titus_Alexander_in_April_2025.jpg	J O Y F U L 🐻 V I O L E N C E	CC BY 2.0
Gringo Loco	https://charlies3dprinting-sketch.github.io/ringsideradar-data/photos/gringo-loco.jpg	Gringo_Loco_in_April_2024.jpg	J O Y F U L 🐻 V I O L E N C E	CC BY 2.0
Minoru Suzuki	https://charlies3dprinting-sketch.github.io/ringsideradar-data/photos/minoru-suzuki.jpg	Forbidden_Door_(AEW_x_NJPW)_(52292653626)_(cropped).jpg	Carter Sterling	CC BY-SA 2.0
Dorian Van Dux	https://charlies3dprinting-sketch.github.io/ringsideradar-data/photos/dorian-van-dux.jpg	2017-11-10_22-41-46_ILCE-6500_DSC03866_DxO_Redo_PL4.jpg	Miguel Discart &amp; Kiri Karma	CC BY-SA 2.0
Flip Gordon	https://charlies3dprinting-sketch.github.io/ringsideradar-data/photos/flip-gordon.jpg	Flip_Gordon_ROH_2017.jpg	Mike Kalasnik from Charlotte, USA	CC BY-SA 2.0
So Daimonji	https://charlies3dprinting-sketch.github.io/ringsideradar-data/photos/so-daimonji.jpg	Sodaimonji0219.jpg	Hoyahoya11	CC BY-SA 4.0
Pretty Boy Smooth	https://charlies3dprinting-sketch.github.io/ringsideradar-data/photos/pretty-boy-smooth.jpg	Pretty_Boy_Smooth_Exodus.jpg	Kdud32	CC BY-SA 4.0
2 Tuff Tony	https://charlies3dprinting-sketch.github.io/ringsideradar-data/photos/2-tuff-tony.jpg	2_Tuff_Tony_(cropped).jpg	Randy K. Youmans	CC BY-SA 1.0
Mason Rook	https://charlies3dprinting-sketch.github.io/ringsideradar-data/photos/mason-rook.jpg	Will_Kroos_in_2025_DSCF8049_(cropped).jpg	Willwalker28	CC0
Kosuke Sato	https://charlies3dprinting-sketch.github.io/ringsideradar-data/photos/kosuke-sato.jpg	Kosuke_Satoh_20.01.29.jpg	Hirondon	CC BY-SA 4.0
Big Damo	https://charlies3dprinting-sketch.github.io/ringsideradar-data/photos/big-damo.jpg	Killian_Dain_(cropped).jpg	JJ Williams	CC0
Ricky Knight Jr.	https://charlies3dprinting-sketch.github.io/ringsideradar-data/photos/ricky-knight-jr.jpg	Ricky_Knight_Jr.jpg	KMcWrestling Photography	CC BY-SA 4.0
Octagón Jr.	https://charlies3dprinting-sketch.github.io/ringsideradar-data/photos/octagon-jr.jpg	Octagón_Jr._in_2026.jpg	Ferfive	CC BY-SA 4.0
Katsuhiko Nakajima	https://charlies3dprinting-sketch.github.io/ringsideradar-data/photos/katsuhiko-nakajima.jpg	Katsuhiko_Nakajima_2016.jpg	ゾーヒョー	CC BY-SA 4.0
Gianni Valletta	https://charlies3dprinting-sketch.github.io/ringsideradar-data/photos/gianni-valletta.jpg	ギアニー・ヴァレッタ2019.jpg	きゃろっとまん	CC BY-SA 4.0
Kazuma Sumi	https://charlies3dprinting-sketch.github.io/ringsideradar-data/photos/kazuma-sumi.jpg	須見和馬2024.jpg	Yoccy441	CC BY-SA 4.0
Davey Boy Smith Jr.	https://charlies3dprinting-sketch.github.io/ringsideradar-data/photos/davey-boy-smith-jr.jpg	Harry_Smith_at_Stampede_cropped.jpg	Harry_Smith_at_Stampede.jpg: Tabercil derivative work: Tabercil (talk)	CC BY-SA 2.0
Kuma Arashi	https://charlies3dprinting-sketch.github.io/ringsideradar-data/photos/kuma-arashi.jpg	2W9A2178.jpg	ヒロ・トウサイ	CC BY-SA 4.0
Axiom	https://charlies3dprinting-sketch.github.io/ringsideradar-data/photos/axiom.jpg	Ruiz_as_his_in_ring_character_“Axiom”.jpg	WrestlingGeek5196	CC0
Seigo Tachibana	https://charlies3dprinting-sketch.github.io/ringsideradar-data/photos/seigo-tachibana.jpg	All_Japan_Wrestling_Korakuen_Hall_Tournament_IMG_4372.jpg	Bject	CC BY-SA 4.0
Charles Crowley	https://charlies3dprinting-sketch.github.io/ringsideradar-data/photos/charles-crowley.jpg	Charles_Crowley_vs._Chuck_Mambo_(cropped).jpg	KMcWrestling Photography	CC BY-SA 4.0
Jonathan Gresham	https://charlies3dprinting-sketch.github.io/ringsideradar-data/photos/jonathan-gresham.jpg	Gresham_ROH_2020_(cropped).jpg	Mabelkind3281	CC0
Tetsuya Endo	https://charlies3dprinting-sketch.github.io/ringsideradar-data/photos/tetsuya-endo.jpg	Endo220327.jpg	Montblanc	CC BY-SA 4.0
Charli Evans	https://charlies3dprinting-sketch.github.io/ringsideradar-data/photos/charli-evans.jpg	Charli_Evans_in_April_2017_(cropped).jpg	Goddess Of Cats	Public domain
Brian Cage	https://charlies3dprinting-sketch.github.io/ringsideradar-data/photos/brian-cage.jpg	Brian_Cage_and_Hechicero_(cropped).jpg	KMcWrestling Photography	CC BY-SA 4.0
Jack Morris	https://charlies3dprinting-sketch.github.io/ringsideradar-data/photos/jack-morris.jpg	20230122jackm.jpg	Yuzunet	CC BY-SA 4.0
Cara Noir	https://charlies3dprinting-sketch.github.io/ringsideradar-data/photos/cara-noir.jpg	Cara_Noir_16_Carat_Gold_2020_N3_(4).jpg	Photos N Effect from Germany	CC BY-SA 2.0
Violento Jack	https://charlies3dprinting-sketch.github.io/ringsideradar-data/photos/violento-jack.jpg	Violento_Jack_20.06.10.jpg	Hirondon	CC BY-SA 4.0
Brian Myers	https://charlies3dprinting-sketch.github.io/ringsideradar-data/photos/brian-myers.jpg	Curt_Hawkins_2017_WWE_(cropped).jpg	Miguel Discart	CC BY-SA 2.0
Charlie Dempsey	https://charlies3dprinting-sketch.github.io/ringsideradar-data/photos/charlie-dempsey.jpg	Charlie_Dempsey_(cropped).jpg	KMcWrestling Photography	CC BY-SA 4.0
Kanji	https://charlies3dprinting-sketch.github.io/ringsideradar-data/photos/kanji.jpg	Kanji_(wrestler)_in_April_2025_(cropped).jpg	jacquemart	Public domain
PCO	https://charlies3dprinting-sketch.github.io/ringsideradar-data/photos/pco.jpg	Pierre_Carl_Ouellet_in_October_2018_(cropped).jpg	Tabercil	CC BY-SA 3.0
Jimmy Lloyd	https://charlies3dprinting-sketch.github.io/ringsideradar-data/photos/jimmy-lloyd.jpg	Jimmy_Lloyd_(wrestler)_in_June_2024_(cropped).jpg	J O Y F U L 🐻 V I O L E N C E	CC BY 2.0
Ryuki Honda	https://charlies3dprinting-sketch.github.io/ringsideradar-data/photos/ryuki-honda.jpg	真夏の変態祭りIMG_3228.jpg	Bject	CC BY-SA 4.0
Axel Tischer	https://charlies3dprinting-sketch.github.io/ringsideradar-data/photos/axel-tischer.jpg	Axel_Tischer,_June_2022_18_(cropped).jpg	Miguel Discart (Photos Vrac)	CC BY-SA 2.0
Carlie Bravo	https://charlies3dprinting-sketch.github.io/ringsideradar-data/photos/carlie-bravo.jpg	Carlie_Bravo.jpg	KMcWrestling Photography	CC BY-SA 4.0
Yuma Aoyagi	https://charlies3dprinting-sketch.github.io/ringsideradar-data/photos/yuma-aoyagi.jpg	20230823aoyagi2.jpg	Yuzunet	CC BY-SA 4.0
Leyton Buzzard	https://charlies3dprinting-sketch.github.io/ringsideradar-data/photos/leyton-buzzard.jpg	Nico_Angelo_vs_Leyton_Buzzard_(cropped).jpg	jacquemart	CC0
Masashi Takeda	https://charlies3dprinting-sketch.github.io/ringsideradar-data/photos/masashi-takeda.jpg	TAKEDA_2020.jpg	Hirondon	CC BY-SA 4.0
Bryce Donovan	https://charlies3dprinting-sketch.github.io/ringsideradar-data/photos/bryce-donovan.jpg	Bryce_Donovan.jpg	grenwail	CC BY 2.0
Alan Angels	https://charlies3dprinting-sketch.github.io/ringsideradar-data/photos/alan-angels.jpg	Alan_Angels_in_April_2025_(cropped).jpg	J O Y F U L 🐻 V I O L E N C E	CC BY 2.0
Oddyssey	https://charlies3dprinting-sketch.github.io/ringsideradar-data/photos/oddyssey.jpg	Odyssey_Jones_2024.jpg	Carter Sterling	CC BY-SA 2.0
Cody Deaner	https://charlies3dprinting-sketch.github.io/ringsideradar-data/photos/cody-deaner.jpg	Cody_Deaner_Feb_2016.jpg	Tabercil	CC BY-SA 3.0
Gene Munny	https://charlies3dprinting-sketch.github.io/ringsideradar-data/photos/gene-munny.jpg	Gene_Munny,_Discovery_Wrestling_October_2025_-_03_(cropped).jpg	Pretzelles	CC BY-SA 4.0
Hayata	https://charlies3dprinting-sketch.github.io/ringsideradar-data/photos/hayata.jpg	20221030hayata2.jpg	Yuzunet	CC BY-SA 4.0
Tavion Heights	https://charlies3dprinting-sketch.github.io/ringsideradar-data/photos/tavion-heights.jpg	G'Angelo_Hancock_2_(cropped).JPG	Jørgen Løken (User:Løken)	CC BY-SA 4.0
Kuroshio Tokyo Japan	https://charlies3dprinting-sketch.github.io/ringsideradar-data/photos/kuroshio-tokyo-japan.jpg	黒潮二郎.jpg	ヒロ・トウサイ	CC BY-SA 4.0
Ikuro Kwon	https://charlies3dprinting-sketch.github.io/ringsideradar-data/photos/ikuro-kwon.jpg	Tristan_Thai.jpg	grenwail	CC BY 2.0
Hektor Invictus	https://charlies3dprinting-sketch.github.io/ringsideradar-data/photos/hektor-invictus.jpg	Hektor_Invictus_16_Carat_Gold_2020_N3_(3).jpg	Photos N Effect from Germany	CC BY-SA 2.0
Dan Tamura	https://charlies3dprinting-sketch.github.io/ringsideradar-data/photos/dan-tamura.jpg	田村男児2019.jpg	きゃろっとまん	CC BY-SA 4.0
Toru Sugiura	https://charlies3dprinting-sketch.github.io/ringsideradar-data/photos/toru-sugiura.jpg	Toru_sugiura.JPG	2for6	CC BY-SA 4.0
Josh Briggs	https://charlies3dprinting-sketch.github.io/ringsideradar-data/photos/josh-briggs.jpg	Josh_Briggs,_July_2019_(cropped).jpg	grenwail	CC BY 2.0
Daisuke Sekimoto	https://charlies3dprinting-sketch.github.io/ringsideradar-data/photos/daisuke-sekimoto.jpg	20230506sekimoto1.jpg	Yuzunet	CC BY-SA 4.0
Saxon Huxley	https://charlies3dprinting-sketch.github.io/ringsideradar-data/photos/saxon-huxley.jpg	Saxon_Huxley_Day_2_UK_Tournament.jpg	Shaun Potts.	CC BY-SA 4.0
Connor Mills	https://charlies3dprinting-sketch.github.io/ringsideradar-data/photos/connor-mills.jpg	Jay_Joshua_(left)_and_Connor_Mills_(right);_2025_(cropped).jpg	ImpostorsNeedle	CC BY 4.0
Daichi Hashimoto	https://charlies3dprinting-sketch.github.io/ringsideradar-data/photos/daichi-hashimoto.jpg	Daichi_Hashimoto_2015.JPG	2for6	CC BY-SA 4.0
Manu	https://charlies3dprinting-sketch.github.io/ringsideradar-data/photos/manu.jpg	AfaAnoaʻiJuly2009.png	Flickr user Mike Kalasnik	CC BY-SA 2.0
Shotaro Ashino	https://charlies3dprinting-sketch.github.io/ringsideradar-data/photos/shotaro-ashino.jpg	芦野祥太郎.jpg	ヒロ・トウサイ	CC BY-SA 4.0
Jake Crist	https://charlies3dprinting-sketch.github.io/ringsideradar-data/photos/jake-crist.jpg	Willia_Mack_vs_OVW_(cropped).jpg	Brandon Oliver	CC BY 2.0
Manabu Soya	https://charlies3dprinting-sketch.github.io/ringsideradar-data/photos/manabu-soya.jpg	Manabu_Soya.jpg	2for6	CC BY-SA 3.0
LJ Cleary	https://charlies3dprinting-sketch.github.io/ringsideradar-data/photos/lj-cleary.jpg	LJ_Cleary_2021-10-16_20-58-53_ILCE-7C_DSC01417_DxO_(cropped).jpg	Miguel Discart	CC BY-SA 2.0
Aaron Solo	https://charlies3dprinting-sketch.github.io/ringsideradar-data/photos/aaron-solo.jpg	Aaron_Solo,_June_2022.jpg	Carter Sterling	CC BY-SA 2.0
Ninja Mack	https://charlies3dprinting-sketch.github.io/ringsideradar-data/photos/ninja-mack.jpg	20221030ninja2.jpg	Yuzunet	CC BY-SA 4.0
Toxin	https://charlies3dprinting-sketch.github.io/ringsideradar-data/photos/toxin.jpg	Toxin_Campeonato_de_México.jpg	Archivojgmg	CC BY-SA 4.0
Dark Sheik	https://charlies3dprinting-sketch.github.io/ringsideradar-data/photos/dark-sheik.jpg	Dark_Sheik,_2024_(cropped).jpg	J O Y F U L 🐻 V I O L E N C E	CC BY 2.0
Danny Limelight	https://charlies3dprinting-sketch.github.io/ringsideradar-data/photos/danny-limelight.jpg	Danny_Limelight_in_April_2024.jpg	J O Y F U L 🐻 V I O L E N C E	CC BY 2.0
Bad Dude Tito	https://charlies3dprinting-sketch.github.io/ringsideradar-data/photos/bad-dude-tito.jpg	Bad_Dude_Tito.jpg	Ian D'Andrea	CC BY-SA 2.0
Vinnie Massaro	https://charlies3dprinting-sketch.github.io/ringsideradar-data/photos/vinnie-massaro.jpg	Vinnie_Massaro_(cropped).jpg	BEAR FROM SPACE	CC BY 2.0
Calvin Tankman	https://charlies3dprinting-sketch.github.io/ringsideradar-data/photos/calvin-tankman.jpg	Calvin_Tankman_in_April_2025.jpg	J O Y F U L 🐻 V I O L E N C E	CC BY 2.0
Marshe Rockett	https://charlies3dprinting-sketch.github.io/ringsideradar-data/photos/marshe-rockett.jpg	Marshe_Rockett_by_Ryan_Bognar.jpg	Ryan Bognar	CC BY-SA 4.0
Jake Parnell	https://charlies3dprinting-sketch.github.io/ringsideradar-data/photos/jake-parnell.jpg	Warhorse,_September_2019_(cropped).jpg	grenwail	CC BY 2.0
To-y	https://charlies3dprinting-sketch.github.io/ringsideradar-data/photos/to-y.jpg	To-y2023.jpg	Yoccy441	CC BY-SA 4.0
Rhino	https://charlies3dprinting-sketch.github.io/ringsideradar-data/photos/rhino.jpg	Rhyno_At_Raw_2017.jpg	JBZA2003	CC BY-SA 4.0
Hideki Okatani	https://charlies3dprinting-sketch.github.io/ringsideradar-data/photos/hideki-okatani.jpg	岡谷英樹2023.jpg	Yoccy441	CC BY-SA 4.0
Steven Borden	https://charlies3dprinting-sketch.github.io/ringsideradar-data/photos/steven-borden.jpg	Steven_Borden_(cropped).jpg	KMcWrestling Photography	CC BY-SA 4.0
Steve Corino	https://charlies3dprinting-sketch.github.io/ringsideradar-data/photos/steve-corino.jpg	SteveCorino2012Cropped.png	Flickr user "John Jewell"	CC BY 2.0
Kazuyuki Fujita	https://charlies3dprinting-sketch.github.io/ringsideradar-data/photos/kazuyuki-fujita.jpg	Kazuyuki_Fujita.jpg	Bject	CC BY-SA 4.0
Gangrel	https://charlies3dprinting-sketch.github.io/ringsideradar-data/photos/gangrel.jpg	Gangrel_GalaxyCon_Oklahoma_City_052026-2.jpg	John Manard	CC BY-SA 4.0
Trent Seven	https://charlies3dprinting-sketch.github.io/ringsideradar-data/photos/trent-seven.jpg	Trent_Seven_Axxess_2018_crop.jpg	Shared Account	CC BY-SA 2.0
Masato Tanaka	https://charlies3dprinting-sketch.github.io/ringsideradar-data/photos/masato-tanaka.jpg	20221030tanaka.jpg	Yuzunet	CC BY-SA 4.0
QT Marshall	https://charlies3dprinting-sketch.github.io/ringsideradar-data/photos/qt-marshall.jpg	Forbidden_Door_(AEW_x_NJPW)_(52291674272)_(cropped).jpg	Carter Sterling	CC BY-SA 2.0
Abdullah Kobayashi	https://charlies3dprinting-sketch.github.io/ringsideradar-data/photos/abdullah-kobayashi.jpg	アブドーラ小林.JPG	Yoccy441	CC BY-SA 4.0
Mark Coffey	https://charlies3dprinting-sketch.github.io/ringsideradar-data/photos/mark-coffey.jpg	Mark_Coffey_April_2019.jpg	John Manard	CC BY-SA 2.0
Flamita	https://charlies3dprinting-sketch.github.io/ringsideradar-data/photos/flamita.jpg	20230416flamita.jpg	Yuzunet	CC BY-SA 4.0
Anthony Greene	https://charlies3dprinting-sketch.github.io/ringsideradar-data/photos/anthony-greene.jpg	20230122anthony1.jpg	Yuzunet	CC BY-SA 4.0
Shane Mercer	https://charlies3dprinting-sketch.github.io/ringsideradar-data/photos/shane-mercer.jpg	Shane_Mercer_vs._Lucas_Riley_(cropped).jpg	grenwail	CC BY 2.0
Johnny TV	https://charlies3dprinting-sketch.github.io/ringsideradar-data/photos/johnny-tv.jpg	Johnny_Impact_Alpha_1_alt_(cropped).jpg	Tabercil	CC BY-SA 3.0
Sareee	https://charlies3dprinting-sketch.github.io/ringsideradar-data/photos/sareee.jpg	Sareee2025.jpg	KevMullen23	CC BY 4.0
Mayu Iwatani	https://charlies3dprinting-sketch.github.io/ringsideradar-data/photos/mayu-iwatani.jpg	MayuIwatani2025.jpg	KevMullen23	CC BY 4.0
Mizuki	https://charlies3dprinting-sketch.github.io/ringsideradar-data/photos/mizuki.jpg	TJPW's_wrestler_Mizuki_Ring_Ropes_(cropped).jpg	Spencer Najera	CC BY-SA 4.0
Momo Watanabe	https://charlies3dprinting-sketch.github.io/ringsideradar-data/photos/momo-watanabe.jpg	Momo_Watanabe_in_April_2024.jpg	J O Y F U L 🐻 V I O L E N C E	CC BY 2.0
Nina Samuels	https://charlies3dprinting-sketch.github.io/ringsideradar-data/photos/nina-samuels.jpg	Nina_Samuels_in_April_2025.jpg	J O Y F U L 🐻 V I O L E N C E	CC BY 2.0
AZM	https://charlies3dprinting-sketch.github.io/ringsideradar-data/photos/azm.jpg	AZM選手.jpg	Ponzuu	CC BY-SA 4.0
Takumi Iroha	https://charlies3dprinting-sketch.github.io/ringsideradar-data/photos/takumi-iroha.jpg	20220808takumi1.jpg	Yuzunet	CC BY-SA 4.0
Utami Hayashishita	https://charlies3dprinting-sketch.github.io/ringsideradar-data/photos/utami-hayashishita.jpg	Hayashishita_Stardom_May_2026_(cropped).jpg	Ikeojimu	CC BY 4.0
Miu Watanabe	https://charlies3dprinting-sketch.github.io/ringsideradar-data/photos/miu-watanabe.jpg	TJPW's_wrestler_Miu_Watanabe_3_(cropped).jpg	Spencer Najera	CC BY-SA 4.0
Jody Threat	https://charlies3dprinting-sketch.github.io/ringsideradar-data/photos/jody-threat.jpg	Jody_Threat_in_April_2025.jpg	J O Y F U L 🐻 V I O L E N C E	CC BY 2.0
Natsupoi	https://charlies3dprinting-sketch.github.io/ringsideradar-data/photos/natsupoi.jpg	Natsupoi2025.jpg	KevMullen23	CC BY 4.0
Suzume	https://charlies3dprinting-sketch.github.io/ringsideradar-data/photos/suzume.jpg	TJPW's_wrestler_Suzume_2_(cropped).jpg	Spencer Najera	CC BY-SA 4.0
Miku Aono	https://charlies3dprinting-sketch.github.io/ringsideradar-data/photos/miku-aono.jpg	0927miku_A_(cropped).jpg	Tohru0618	CC0
Natalia Markova	https://charlies3dprinting-sketch.github.io/ringsideradar-data/photos/natalia-markova.jpg	Natalia_Markova.jpg	Mikeywhatnow	CC0
Shoko Nakajima	https://charlies3dprinting-sketch.github.io/ringsideradar-data/photos/shoko-nakajima.jpg	TJPW's_wrestler_Shoko_Nakajima_2_(cropped).jpg	Spencer Najera	CC BY-SA 4.0
Rina	https://charlies3dprinting-sketch.github.io/ringsideradar-data/photos/rina.jpg	吏南_wiki用_(cropped).jpg	Pug8310	CC0
Janai Kai	https://charlies3dprinting-sketch.github.io/ringsideradar-data/photos/janai-kai.jpg	Janai_Kai_(cropped).jpg	KMcWrestling Photography	CC BY-SA 4.0
Mei Seira	https://charlies3dprinting-sketch.github.io/ringsideradar-data/photos/mei-seira.jpg	Mei_Seira_in_April_2024.jpg	J O Y F U L 🐻 V I O L E N C E	CC BY 2.0
Gisele Shaw	https://charlies3dprinting-sketch.github.io/ringsideradar-data/photos/gisele-shaw.jpg	Gisele_Shaw_speaking_at_Queens_and_Kings_of_Pride,_Windsor-Essex_Pride_Fest,_2025-08-09_03.jpg	Chris Woodrich	CC BY-SA 4.0
Miyu Yamashita	https://charlies3dprinting-sketch.github.io/ringsideradar-data/photos/miyu-yamashita.jpg	TJPW's_wrestler_Miyu_Yamashita_Posing_(cropped).jpg	Spencer Najera	CC BY-SA 4.0
Chihiro Hashimoto	https://charlies3dprinting-sketch.github.io/ringsideradar-data/photos/chihiro-hashimoto.jpg	Chihiro_Hashimoto_April_2026.jpg	Ikeojimu	CC BY 4.0
Aliss Ink	https://charlies3dprinting-sketch.github.io/ringsideradar-data/photos/aliss-ink.jpg	Aliss_Ink_in_December_2019.jpg	Miguel Discart	CC BY-SA 2.0
Lana Austin	https://charlies3dprinting-sketch.github.io/ringsideradar-data/photos/lana-austin.jpg	Lana_Austin_in_April_2024.jpg	J O Y F U L 🐻 V I O L E N C E	CC BY 2.0
Sayaka Kurara	https://charlies3dprinting-sketch.github.io/ringsideradar-data/photos/sayaka-kurara.jpg	SayakaKurara20260103.jpg	KevMullen23	CC BY 4.0
Delmi Exo	https://charlies3dprinting-sketch.github.io/ringsideradar-data/photos/delmi-exo.jpg	Delmi_Exo.jpg	Mike Kalasnik	CC BY-SA 2.0
Nightshade	https://charlies3dprinting-sketch.github.io/ringsideradar-data/photos/nightshade.jpg	Nightshade_wrestler_in_April_2025.jpg	✨ JOYFUL VI0LENCE ✨	CC BY 4.0
Victoria Yuzuki	https://charlies3dprinting-sketch.github.io/ringsideradar-data/photos/victoria-yuzuki.jpg	0414_yuzuki_(cropped).jpg	Tohru0618	CC0
Maggie Lee	https://charlies3dprinting-sketch.github.io/ringsideradar-data/photos/maggie-lee.jpg	M_by_Elegance.png	Total Nonstop Action Wrestling	CC BY 4.0
Mika Iwata	https://charlies3dprinting-sketch.github.io/ringsideradar-data/photos/mika-iwata.jpg	Mika_Iwata_May_2026.jpg	Ikeojimu	CC BY 4.0
Hina	https://charlies3dprinting-sketch.github.io/ringsideradar-data/photos/hina.jpg	Hina2025.jpg	KevMullen23	CC BY 4.0
Natsumi Showzuki	https://charlies3dprinting-sketch.github.io/ringsideradar-data/photos/natsumi-showzuki.jpg	NATSUMI_SHODUKI.jpg	2010stardom（スターダム公式チャンネル）	CC BY 3.0
Hanan	https://charlies3dprinting-sketch.github.io/ringsideradar-data/photos/hanan.jpg	Hanan2025.jpg	KevMullen23	CC BY 4.0
Mai Sakurai	https://charlies3dprinting-sketch.github.io/ringsideradar-data/photos/mai-sakurai.jpg	Mai_Sakurai20210413.jpg	てんでん	CC BY-SA 4.0
Kylie Rae	https://charlies3dprinting-sketch.github.io/ringsideradar-data/photos/kylie-rae.jpg	Kylie_Rae_at_Alpha_1.jpg	Tabercil	CC BY-SA 3.0
Koguma	https://charlies3dprinting-sketch.github.io/ringsideradar-data/photos/koguma.jpg	Koguma_April_2026.jpg	Ikeojimu	CC BY 4.0
Arisu Endo	https://charlies3dprinting-sketch.github.io/ringsideradar-data/photos/arisu-endo.jpg	TJPW's_wrestler_Arisu_Endo.jpg	Spencer Najera	CC BY-SA 4.0
Miyu Amasaki	https://charlies3dprinting-sketch.github.io/ringsideradar-data/photos/miyu-amasaki.jpg	天咲光由_-_2026.02.13_(cropped).jpg	Pug8310	CC0
Miyuki Takase	https://charlies3dprinting-sketch.github.io/ringsideradar-data/photos/miyuki-takase.jpg	20230414miyuki2.jpg	Yuzunet	CC BY-SA 4.0
Hiroyo Matsumoto	https://charlies3dprinting-sketch.github.io/ringsideradar-data/photos/hiroyo-matsumoto.jpg	20230726matsumoto_(cropped).jpg	Yuzunet	CC BY-SA 4.0
Saori Anou	https://charlies3dprinting-sketch.github.io/ringsideradar-data/photos/saori-anou.jpg	SaoriAnou2025.jpg	KevMullen23	CC BY 4.0
Manami Katsu	https://charlies3dprinting-sketch.github.io/ringsideradar-data/photos/manami-katsu.jpg	Manami_Katsu.JPG	2for6	CC BY-SA 3.0
Tomoka Inaba	https://charlies3dprinting-sketch.github.io/ringsideradar-data/photos/tomoka-inaba.jpg	稲葉ともか_-_2026.02.13_(cropped).jpg	Pug8310	CC0
Azusa Inaba	https://charlies3dprinting-sketch.github.io/ringsideradar-data/photos/azusa-inaba.jpg	AzusaInaba2025.jpg	KevMullen23	CC BY 4.0
Dash Chisako	https://charlies3dprinting-sketch.github.io/ringsideradar-data/photos/dash-chisako.jpg	20230716chisako_(cropped).jpg	Yuzunet	CC BY-SA 4.0
Nyla Rose	https://charlies3dprinting-sketch.github.io/ringsideradar-data/photos/nyla-rose.jpg	Nyla_Rose_(2020-02-12)_(cropped).jpg	Ralph Arvesen	CC BY-SA 2.0
Kouki Amarei	https://charlies3dprinting-sketch.github.io/ringsideradar-data/photos/kouki-amarei.jpg	天麗皇希(あまれいこうき)_(cropped).jpg	https://www.threads.com/@2black2	CC0
Haruka Umesaki	https://charlies3dprinting-sketch.github.io/ringsideradar-data/photos/haruka-umesaki.jpg	20230402haruka2.jpg	Yuzunet	CC BY-SA 4.0
Misa Matsui	https://charlies3dprinting-sketch.github.io/ringsideradar-data/photos/misa-matsui.jpg	20200924matsui.jpg	Yuzunet	CC BY-SA 4.0
Natsuko Tora	https://charlies3dprinting-sketch.github.io/ringsideradar-data/photos/natsuko-tora.jpg	Natsuko_Tora_in_April_2025.jpg	J O Y F U L 🐻 V I O L E N C E	CC BY 2.0
Suzu Suzuki	https://charlies3dprinting-sketch.github.io/ringsideradar-data/photos/suzu-suzuki.jpg	Suzu_Suzuki_in_April_2025_(cropped).jpg	J O Y F U L 🐻 V I O L E N C E	CC BY 2.0
Serena Deeb	https://charlies3dprinting-sketch.github.io/ringsideradar-data/photos/serena-deeb.jpg	Serena_Deeb_DYNAMITE_2024_06_12_017_(cropped).jpg	All Elite Wrestling	CC BY-SA 4.0
Yuki Arai	https://charlies3dprinting-sketch.github.io/ringsideradar-data/photos/yuki-arai.jpg	荒井優希2024.jpg	Yoccy441	CC BY-SA 4.0
Priscilla Kelly	https://charlies3dprinting-sketch.github.io/ringsideradar-data/photos/priscilla-kelly.jpg	Priscilla_Kelly_at_the_Summit_2019_(cropped).jpg	Tabercil	CC BY-SA 3.0
Senka Akatsuki	https://charlies3dprinting-sketch.github.io/ringsideradar-data/photos/senka-akatsuki.jpg	Senka_Akatsuki_May_2026.jpg	Ikeojimu	CC BY 4.0
Aya Sakura	https://charlies3dprinting-sketch.github.io/ringsideradar-data/photos/aya-sakura.jpg	AyaSakura2025.jpg	KevMullen23	CC BY 4.0
Mei Suruga	https://charlies3dprinting-sketch.github.io/ringsideradar-data/photos/mei-suruga.jpg	20201107suruga.jpg	Yuzunet	CC BY-SA 4.0
Alexxis Falcon	https://charlies3dprinting-sketch.github.io/ringsideradar-data/photos/alexxis-falcon.jpg	Alexxis_Falcon_and_Charles_Crowley_(cropped).jpg	KMcWrestling Photography	CC BY-SA 4.0
Seri Yamaoka	https://charlies3dprinting-sketch.github.io/ringsideradar-data/photos/seri-yamaoka.jpg	SeriYamaoka2025.jpg	KevMullen23	CC BY 4.0
Ivy Nile	https://charlies3dprinting-sketch.github.io/ringsideradar-data/photos/ivy-nile.jpg	Ivy_Nile_RR25_(cropped).jpg	Diego Serrano	CC BY 2.0
Moka Miyamoto	https://charlies3dprinting-sketch.github.io/ringsideradar-data/photos/moka-miyamoto.jpg	宮本もか2025.1.jpg	Yoccy441	CC BY-SA 4.0
Michin	https://charlies3dprinting-sketch.github.io/ringsideradar-data/photos/michin.jpg	Mia_Yim_at_Smash_Canusa.jpg	Tabercil	CC BY-SA 3.0
Shayna Baszler	https://charlies3dprinting-sketch.github.io/ringsideradar-data/photos/shayna-baszler.jpg	SHIMMER_Volume_88_-_Shayna_Baszler_04_(cropped).jpg	Goddess of Cats on Flickr	CC BY-SA 4.0
Yuu	https://charlies3dprinting-sketch.github.io/ringsideradar-data/photos/yuu.jpg	122601yuu.jpg	Tohru0618	CC0
Saki	https://charlies3dprinting-sketch.github.io/ringsideradar-data/photos/saki.jpg	20220212saki2_(cropped).jpg	Yuzunet	CC BY-SA 4.0
Makoto	https://charlies3dprinting-sketch.github.io/ringsideradar-data/photos/makoto.jpg	20230726makoto2.jpg	Yuzunet	CC BY-SA 4.0
Risa Sera	https://charlies3dprinting-sketch.github.io/ringsideradar-data/photos/risa-sera.jpg	STARDOM_WORLD_CLIMAX_2022_IMG_6894-1.jpg	Bject	CC BY-SA 4.0
Candice LeRae	https://charlies3dprinting-sketch.github.io/ringsideradar-data/photos/candice-lerae.jpg	Candice_LeRae_RR25_(cropped).jpg	Diego Serrano	CC BY 2.0
Unagi Sayaka	https://charlies3dprinting-sketch.github.io/ringsideradar-data/photos/unagi-sayaka.jpg	20230718una_(cropped).jpg	Yuzunet	CC BY-SA 4.0
Veny	https://charlies3dprinting-sketch.github.io/ringsideradar-data/photos/veny.jpg	20230825asuka.jpg	Yuzunet	CC BY-SA 4.0
Yuki Kamifuku	https://charlies3dprinting-sketch.github.io/ringsideradar-data/photos/yuki-kamifuku.jpg	TJPW's_wrestler_and_idol_Yuki_Kamifuku_(cropped).jpg	Spencer Najera	CC BY-SA 4.0
Bea Priestley	https://charlies3dprinting-sketch.github.io/ringsideradar-data/photos/bea-priestley.jpg	Bea_Priestley,_October_2019_(cropped).jpg	grenwail	CC BY 2.0
Session Moth Martina	https://charlies3dprinting-sketch.github.io/ringsideradar-data/photos/session-moth-martina.jpg	Session_Moth_Martina.jpg	KMcWrestling Photography	CC BY-SA 4.0
Rina Yamashita	https://charlies3dprinting-sketch.github.io/ringsideradar-data/photos/rina-yamashita.jpg	Rina_Yamashita_in_April_2025_(cropped).jpg	J O Y F U L 🐻 V I O L E N C E	CC BY 2.0
Mercedes Martinez	https://charlies3dprinting-sketch.github.io/ringsideradar-data/photos/mercedes-martinez.jpg	Mercedes_Martinez_at_Smash_Canusa.jpg	Tabercil	CC BY-SA 3.0
Myla Grace	https://charlies3dprinting-sketch.github.io/ringsideradar-data/photos/myla-grace.jpg	Myla_Grace,_Discovery_Wrestling_October_2025_-_04_(cropped).jpg	Pretzelles	CC BY-SA 4.0
Wendy Choo	https://charlies3dprinting-sketch.github.io/ringsideradar-data/photos/wendy-choo.jpg	Karen_Q_in_April_2018_(cropped).jpg	Goddess Of Cats	Public domain
Rika Tatsumi	https://charlies3dprinting-sketch.github.io/ringsideradar-data/photos/rika-tatsumi.jpg	TJPW's_wrestler_Rika_Tatsumi_1_(cropped_wide).jpg	Spencer Najera	CC BY-SA 4.0
Wakana Uehara	https://charlies3dprinting-sketch.github.io/ringsideradar-data/photos/wakana-uehara.jpg	TJPW's_wrestler_and_idol_Wakana_Uehara_1_(cropped).jpg	Spencer Najera	CC BY-SA 4.0
Aja Kong	https://charlies3dprinting-sketch.github.io/ringsideradar-data/photos/aja-kong.jpg	SHIMMER_Volume_74_-_Aja_Kong_09_(cropped).jpg	Goddess of Cats on Flickr	CC BY-SA 4.0
Hanako	https://charlies3dprinting-sketch.github.io/ringsideradar-data/photos/hanako.jpg	Hanako_in_April_2025_(cropped).jpg	J O Y F U L 🐻 V I O L E N C E	CC BY 2.0
Ryo Mizunami	https://charlies3dprinting-sketch.github.io/ringsideradar-data/photos/ryo-mizunami.jpg	20230414ryo1.jpg	Yuzunet	CC BY-SA 4.0
Nicole Matthews	https://charlies3dprinting-sketch.github.io/ringsideradar-data/photos/nicole-matthews.jpg	Nicole_Matthews,_October_2023_(cropped).jpg	STEPHVE	CC BY 2.0
Amale	https://charlies3dprinting-sketch.github.io/ringsideradar-data/photos/amale.jpg	Amale,_June_2023_10_(cropped).jpg	miguel.discart	CC BY-SA 2.0
Abadon	https://charlies3dprinting-sketch.github.io/ringsideradar-data/photos/abadon.jpg	Abadon,_July_2023.jpg	All Elite Wrestling	CC BY-SA 4.0
Ivelisse	https://charlies3dprinting-sketch.github.io/ringsideradar-data/photos/ivelisse.jpg	Ivelisse_Vélez,_2021.jpg	FieryOne345	CC BY-SA 4.0
India Sioux	https://charlies3dprinting-sketch.github.io/ringsideradar-data/photos/india-sioux.jpg	India_Sioux_(born_1984)_interviewed_on_Orbe_Espiritual.png	Promo Orbe	CC BY 3.0
Taya Valkyrie	https://charlies3dprinting-sketch.github.io/ringsideradar-data/photos/taya-valkyrie.jpg	Taya_Valkyrie,_April_2016_(cropped).jpg	Mike Kalasnik	CC BY-SA 2.0
Maki Itoh	https://charlies3dprinting-sketch.github.io/ringsideradar-data/photos/maki-itoh.jpg	伊藤麻希2024.jpg	Yoccy441	CC BY-SA 4.0
Leila Grey	https://charlies3dprinting-sketch.github.io/ringsideradar-data/photos/leila-grey.jpg	Leila_Grey_-_DYNAMITE_-_2023-05-17_011_(cropped).jpg	All Elite Wrestling	CC BY-SA 4.0
Manami	https://charlies3dprinting-sketch.github.io/ringsideradar-data/photos/manami.jpg	20220710manami.jpg	Yuzunet	CC BY-SA 4.0
