# name	gender	promotions (home first)	followersK (rough social reach estimate, thousands)
Aaron Wolf	m	njpw	40
Ace Austin	m	roh	60
Action Andretti	m	roh,aew	80
Adam Copeland	m	aew	3000
Adam Priest	m	roh	10
AJ Francis	m	tna	150
AJ Lee	f	wwe	3000
AJ Styles	m	wwe	3000
Alec Price	m	gcw	40
Aleister Black	m	wwe	1500
Alex Windsor	f	aew	60
Alexa Bliss	f	wwe	5000
Allie	f	tna	300
Alonzo Cruz	m	aiw	3
Amazing Red	m	tna	40
Andrade El Ídolo	m	aew,njpw	1500
Andrew Everett	m	mlw	60
Angel	m	aaa	20
Anna Jay	f	aew	1000
AR Fox	m	roh	60
Arianna Grace	f	tna	150
Asuka	f	wwe	2500
Athena	f	roh,aew	400
Atlantis Jr.	m	cmll	60
Atticus Cogar	m	gcw	30
Austin Aries	m	mlw	300
Austin Creed	m	aew	1500
Austin James	m	aiw	3
Austin Theory	m	wwe	1000
Averno	m	cmll	60
Bandido	m	roh,aew	400
Baron Corbin	m	wwe	1000
Bayley	f	wwe	4000
BDE	m	tna	10
Becky Lynch	f	wwe	5000
Berto	m	aaa	20
Bianca Belair	f	wwe	5000
Big Anne	f	aew	10
Big Cass	m	wwe	500
Big Jorge	m	ipw	1
Billie Starkz	f	roh	60
Blake Christian	m	roh	50
Blake Monroe	f	nxt	150
Blizzy Blake	m	gcw	5
Blue Panther	m	cmll	80
Brad Baylor	m	nxt	30
Brick Savage	m	gcw	10
Brie Bella	f	wwe	8000
Brock Lesnar	m	wwe	5000
Brody King	m	aew	150
Bron Breakker	m	wwe	1500
Bronson Reed	m	wwe	700
Brutus Dylan	m	ipw	1
Bryan Keith	m	aew	50
Bárbaro Cavernario	m	cmll	60
Callum Newman	m	njpw	60
Carmelo Hayes	m	wwe	300
Cedric Alexander	m	tna	500
Chad Gable	m	wwe	800
Charlotte Flair	f	wwe	6000
Chelsea Green	f	wwe	1500
Chris Brookes	m	njpw	40
Chris Jericho	m	aew	3500
Christian Cage	m	aew	1500
Chuck Stone	m	aiw	3
Claudio Castagnoli	m	aew	300
CM Punk	m	wwe	6000
Cody Rhodes	m	wwe	4000
Corinne Joy	f	gcw	10
Cruz Montana	m	nxt	30
Daga	m	aaa	60
Damian Priest	m	wwe	2000
Danhausen	m	wwe	500
Dani Luna	f	aew	60
Daniel Garcia	m	aew,roh	200
Dante Martin	m	aew	150
Darby Allin	m	aew	1000
Deonna Purrazzo	f	roh,aew	500
Diamanté	f	roh	80
Doc Gallows	m	mlw	400
Dominic Garrini	m	aiw	10
Dominik Mysterio	m	wwe,aaa	3500
Dragon Lee	m	wwe	600
Drake Younger	m	gcw	20
Drew McIntyre	m	wwe	3500
Drilla Moloney	m	njpw	40
Eddie Edwards	m	tna	150
Eddie Kingston	m	aew	300
EFFY	m	gcw	100
EK Prosper	m	nxt	20
El Carnicero	m	aaa	30
El Desperado	m	njpw	150
El Grande Americano	m	aaa,wwe	500
El Hijo de Dr. Wagner Jr.	m	aaa	300
El Hijo del Vikingo	m	aaa	200
El Phantasmo	m	njpw	300
Elayna Black	f	tna	300
Elijah	m	tna	200
Emersyn Jayne	f	aiw	60
Eric Taylor	m	aiw	3
Eric Young	m	tna	300
Esfinge	m	cmll	30
Ethan Page	m	wwe	400
Evil	m	njpw	150
Fabian Aichner	m	tna	300
Fallon Henley	f	wwe	300
Finn Bálor	m	wwe	4000
Flammer	f	aaa	60
Frankie Kazarian	m	tna	200
Gabe Kidd	m	njpw	60
Galeno	m	aaa	60
Gia Miller	f	tna	150
Giulia	f	wwe	500
Grayson Waller	m	nxt	500
Great-O-Khan	m	njpw	150
Gunther	m	wwe	1500
Hangman Adam Page	m	aew	800
Harley Cameron	f	aew	300
Hazuki	f	aiw,roh	150
Hechicero	m	cmll	60
Henare	m	njpw	60
Hikaru Shida	f	aew	500
Hirooki Goto	m	njpw	100
Hiroshi Tanahashi	m	njpw	600
Hook	m	aew	300
Hunter Drake	m	gcw	10
Ilja Dragunov	m	wwe	300
Indi Hartwell	f	tna	500
Isaiah Broner	m	aiw	5
Iyo Sky	f	wwe	2500
Jack Cartwheel	m	aaa	60
Jack Perry	m	aew	500
Jackson Drake	m	nxt	60
Jacob Fatu	m	wwe	1500
Jacy Jayne	f	wwe	300
Jade Cargill	f	wwe	3000
Jaida Parker	f	nxt	150
Jake Something	m	bcw	60
Jamie Hayter	f	aew	500
Jason Hotch	m	ncg	10
Jay Lethal	m	roh	500
Jay Lucas	m	gcw	5
Jazzy Yang	m	gcw	10
JD McDonagh	m	wwe	300
Je'Von Evans	m	wwe	300
Jeff Hardy	m	tna	3000
Jey Uso	m	wwe	3000
Jimmy Jacobs	m	xicw	40
Jimmy Uso	m	wwe	2500
Joe Coffey	m	mlw	30
Joe Hendry	m	nxt	300
Joey Janela	m	gcw	200
John Cena	m	wwe	20000
Johnny Gargano	m	nxt	1500
Jon Moxley	m	aew	1500
Jordan Oliver	m	gcw	40
Jordynne Grace	f	wwe	500
Joseline Navarro	f	aiw	20
Joseph Sawyer	m	gcw	150
Josh Woods	m	roh	60
Julia Hart	f	aew	800
Juni Underwood	m	gcw	10
Kairi Sane	f	wwe	1000
Kali Armstrong	f	nxt	60
Kamille	f	aew	500
Kaplan	m	aiw	5
Karl Anderson	m	mlw	600
Katsuyori Shibata	m	aew	300
Kazuchika Okada	m	aew	1500
KC Navarro	m	tna	60
Kelani Jordan	f	nxt	400
Kendal Grey	f	nxt	150
Kenny Omega	m	aew	2000
Kevin Knight	m	aew	100
Kevin Owens	m	wwe	3000
Kiana James	f	wwe	300
Killer Kross	m	mlw,ncg	1500
KJ Orso	m	gcw	20
Kofi	m	aew	3000
Komander	m	aew	200
Konosuke Takeshita	m	aew,njpw	400
Kosei Fujita	m	njpw	40
Kris Statlander	f	aew	600
Kyle Fletcher	m	aew	200
Kyle O'Reilly	m	aew	300
La Catalina	f	aaa	60
LA Knight	m	wwe	1500
La Parka	m	aaa	200
LaBron Kozone	m	mlw	20
Lady Frost	f	mlw	60
Lainey Reid	f	wwe	60
Lance Archer	m	aew	200
Laredo Kid	m	aaa	100
Lash Legend	f	wwe	400
Lee Johnson	m	roh	60
Lee Moriarty	m	roh,aew	80
Lena Kross	f	aew	100
Leon Slater	m	tna	150
Lio Rush	m	roh,aew	400
Liv Morgan	f	wwe	6000
Logan Cavazos	m	gcw	5
Logan Paul	m	wwe	27000
Lola Vice	f	nxt	1000
LSG	m	roh	20
Lyra Valkyria	f	wwe	500
Léi Yǐng Lee	f	tna	300
Maika	f	aew	200
Mance Warner	m	gcw	100
Mara Sadè	f	tna	60
Marina Shafir	f	aew,roh	200
Marino Tenaglia	m	aiw	10
Mark Briscoe	m	aew,roh	200
Mark Davis	m	aew	60
Marko Stunt	m	gcw	100
Marti Belle	f	gcw	100
Matt Cardona	m	gcw	800
Matt Hardy	m	tna	2500
Matt Jackson	m	aew	1000
Maxxine Dupri	f	wwe	1500
Maya World	f	aew,roh	40
Megan Bayne	f	aew	100
Mercedes Moné	f	aew	5000
Mike Bailey	m	aew	150
Mike Santana	m	tna	300
Mikey Montgomery	m	aiw	3
Mina Shirakawa	f	aew	200
Mini Vikingo	m	aaa	60
MJF	m	aew	1500
MM3	m	xicw	3
Moose	m	tna,ncg	300
Mosh	m	ncg	60
Mr. Elegance	m	tna	40
Mustafa Ali	m	tna	1000
Myles Borne	m	nxt	60
Máscara Dorada	m	cmll,roh	200
Místico	m	cmll,njpw,roh	500
Naomi	f	wwe	3000
Nathan Frazer	m	nxt	150
Nattie	f	nxt	3000
Neón	m	cmll	40
Nia Jax	f	wwe	2500
Nic Nemeth	m	tna	3000
Nick Aldis	m	wwe	400
Nick Gage	m	gcw	150
Nick Jackson	m	aew	1000
Nick Wayne	m	aew	150
Nigel McGuinness	m	aew,roh	100
Nikki Bella	f	wwe	14000
Nino Extremo	m	gcw	5
Oba Femi	m	wwe	400
Orange Cassidy	m	aew	500
Otis Cogar	m	gcw	20
PAC	m	aew	300
Paige	f	wwe	8000
Penta	m	wwe	1500
Persephone	f	aew,cmll	100
Philly Collins	m	aiw	3
Piper Niven	f	wwe	300
Psycho Clown	m	aaa	1000
Queen Aminata	f	aew	60
Randy Orton	m	wwe	10000
Ranna Yagami	f	aiw	20
Raquel Rodriguez	f	wwe	1000
Raven	m	aiw	300
Red Velvet	f	roh,aew	300
Rey Fénix	m	aaa,wwe	1500
Rey Mysterio	m	wwe	5000
Rhea Ripley	f	wwe	7000
Ric Flair	m	ncg	6000
Rich Swann	m	tna	300
Ricky Saints	m	wwe	400
Ricky Smokes	m	nxt	30
Ricky Sosa	m	tna	20
Ricochet	m	aew	1500
Roderick Strong	m	aew	300
Roman Reigns	m	wwe	10000
Rosemary	f	tna	200
Roxanne Perez	f	wwe	1500
Rudy Ray Woods	m	aiw	3
Rusev	m	wwe	2000
Rush	m	roh	300
Ryan Nemeth	m	tna	100
Sam Holloway	m	aiw	3
Sam Stackhouse	m	gcw	30
Sami Zayn	m	wwe	3000
Sammy Guevara	m	roh,aew	1000
Samoa Joe	m	aew	1500
Sanada	m	njpw	200
Saya Kamitani	f	njpw	300
Seth Rollins	m	wwe	6000
Sheamus	m	wwe	3000
Shimbashi	m	aiw	10
Shingo Takagi	m	njpw	150
Sho	m	njpw	60
Shota Umino	m	njpw	150
Shotzi Blackheart	f	gcw	800
Sicko The Clown	m	gcw	5
Skye Blue	f	aew,roh	300
Soberano Jr.	m	cmll	60
Sol Ruca	f	wwe	500
Solo	m	xicw	2
Solo Sikoa	m	wwe	800
Special Agent 0	m	tna	20
Starlight Kid	f	aew	150
Stella Buho	f	ipw	1
Steph De Lander	f	roh	200
Stephanie Vaquer	f	wwe	1000
Steve Maclin	m	tna	150
Swerve Strickland	m	aew	700
Swoggle	m	aiw	500
Syuri	f	njpw	200
Taiji Ishimori	m	njpw	150
Talla Tonga	m	wwe	60
Tama Tonga	m	wwe	200
Tatum Paxley	f	nxt	300
Templario	m	cmll,mlw	60
Terry Yaki	m	gcw	10
Tessa Blanchard	f	tna,ncg	300
The Duke	m	aiw	5
Thea Hail	f	nxt	300
Thekla	f	aew	150
Thrasher	m	ncg	60
Thunder Rosa	f	aew	500
Tiffany Stratton	f	wwe	2500
Titán	m	cmll	100
Tommaso Ciampa	m	aew	700
Tommy Dreamer	m	aiw	500
Tommy Vendetta	m	xicw	3
Toni Storm	f	aew	1500
Tony D'Angelo	m	nxt	300
Tracy Williams	m	mlw	30
Trevor Lee	m	mlw	60
Trey Miguel	m	tna	150
Trick Williams	m	wwe	1000
Trish Adora	f	roh	30
Tyler Jordan	m	aiw	3
Uhaa Nation	m	tna	500
Vipress	f	gcw	20
Viva Van	f	roh	20
Volador Jr.	m	cmll	200
Wes Barkley	m	aiw	5
Wheeler Yuta	m	aew	100
Will Ospreay	m	aew	1000
Willow Nightingale	f	aew	300
Wren Sinclair	f	nxt	200
Xelhua	m	roh	10
Xia Brookside	f	tna	500
Yoh	m	njpw	100
Yota Tsuji	m	njpw	150
Yuka Sakazaki	f	roh	200
Yuya Uemura	m	tna	100
Zack Gibson	m	aew	60
Zack Sabre Jr.	m	njpw	300
Zaria	f	nxt	150
Zayda Steel	f	roh	40
Zelina Vega	f	wwe	2500
Zilla Fatu	m	nxt,ncg	100
Zoey Serrano	f	tna	20
Último Guerrero	m	cmll	100
Parrow	m	gcw	20
